PREC_ID,Year,Ward,Precinct,Total_Votes,Washington,Epton,Warren
198301001,1983,1,1,672,399,243,1
198301002,1983,1,2,528,493,2,2
198301003,1983,1,3,530,483,15,1
198301004,1983,1,4,267,110,150,2
198301005,1983,1,5,536,502,4,3
198301006,1983,1,6,777,210,559,0
198301007,1983,1,7,277,264,5,1
198301008,1983,1,8,646,274,351,1
198301009,1983,1,9,264,86,168,0
198301010,1983,1,10,418,407,2,1
198301011,1983,1,11,875,387,472,3
198301012,1983,1,12,571,534,6,1
198301013,1983,1,13,708,677,21,1
198301014,1983,1,14,341,324,3,0
198301015,1983,1,15,377,19,344,3
198301016,1983,1,16,329,30,290,0
198301017,1983,1,17,407,233,123,3
198301018,1983,1,18,524,209,294,1
198301019,1983,1,19,608,183,420,0
198301020,1983,1,20,406,50,330,4
198301021,1983,1,21,438,13,407,0
198301022,1983,1,22,475,450,6,0
198301023,1983,1,23,363,205,139,2
198301024,1983,1,24,347,37,302,0
198301025,1983,1,25,437,369,54,2
198301026,1983,1,26,220,69,140,1
198301027,1983,1,27,591,543,1,4
198301028,1983,1,28,431,406,7,1
198301029,1983,1,29,313,147,145,5
198301030,1983,1,30,447,196,234,1
198301031,1983,1,31,740,729,1,1
198301032,1983,1,32,390,41,335,3
198301033,1983,1,33,681,175,499,1
198301034,1983,1,34,515,246,241,1
198301035,1983,1,35,365,33,311,3
198301036,1983,1,36,480,435,6,2
198301037,1983,1,37,398,45,342,0
198301038,1983,1,38,652,407,226,1
198301039,1983,1,39,273,66,198,0
198301040,1983,1,40,324,318,0,1
198301041,1983,1,41,491,442,36,1
198301042,1983,1,42,325,295,0,1
198301043,1983,1,43,348,319,5,1
198301044,1983,1,44,386,351,1,1
198301045,1983,1,45,329,310,2,1
198301046,1983,1,46,333,303,4,1
198301047,1983,1,47,553,202,333,2
198302001,1983,2,1,488,456,8,2
198302002,1983,2,2,375,359,8,0
198302003,1983,2,3,500,480,1,1
198302004,1983,2,4,572,554,2,1
198302005,1983,2,5,659,616,2,2
198302006,1983,2,6,466,430,1,0
198302007,1983,2,7,445,428,3,0
198302008,1983,2,8,650,625,1,1
198302009,1983,2,9,491,462,5,1
198302010,1983,2,10,281,240,25,1
198302011,1983,2,11,402,373,2,0
198302012,1983,2,12,360,338,6,0
198302013,1983,2,13,516,481,30,0
198302014,1983,2,14,589,573,6,0
198302015,1983,2,15,489,460,4,2
198302016,1983,2,16,522,499,3,0
198302017,1983,2,17,506,477,1,0
198302018,1983,2,18,683,658,4,0
198302019,1983,2,19,535,492,5,2
198302020,1983,2,20,715,668,7,1
198302021,1983,2,21,613,583,2,0
198302022,1983,2,22,345,328,0,2
198302023,1983,2,23,444,409,3,1
198302024,1983,2,24,375,317,32,5
198302025,1983,2,25,385,374,10,0
198302026,1983,2,26,493,467,4,1
198302027,1983,2,27,410,397,4,1
198302028,1983,2,28,198,186,3,1
198302029,1983,2,29,534,514,3,1
198302030,1983,2,30,396,375,2,1
198302031,1983,2,31,505,466,23,0
198302032,1983,2,32,388,369,11,2
198302033,1983,2,33,490,340,133,2
198302034,1983,2,34,382,371,4,0
198302035,1983,2,35,541,497,3,3
198302036,1983,2,36,594,560,3,0
198302037,1983,2,37,390,362,0,0
198302038,1983,2,38,398,370,1,1
198302039,1983,2,39,550,520,3,0
198302040,1983,2,40,477,442,6,3
198302041,1983,2,41,442,407,3,0
198302042,1983,2,42,475,451,2,0
198302043,1983,2,43,453,426,4,1
198302044,1983,2,44,474,429,6,0
198302045,1983,2,45,334,312,1,1
198302046,1983,2,46,419,392,3,0
198302047,1983,2,47,372,338,1,0
198302048,1983,2,48,494,383,101,0
198302049,1983,2,49,597,562,2,1
198302050,1983,2,50,270,208,54,0
198302051,1983,2,51,386,359,4,0
198302052,1983,2,52,594,557,3,1
198303001,1983,3,1,463,421,3,1
198303002,1983,3,2,454,436,1,0
198303003,1983,3,3,455,430,6,0
198303004,1983,3,4,610,567,7,0
198303005,1983,3,5,505,472,3,0
198303006,1983,3,6,485,436,7,0
198303007,1983,3,7,461,424,1,0
198303008,1983,3,8,493,464,1,0
198303009,1983,3,9,646,612,3,1
198303010,1983,3,10,437,402,8,0
198303011,1983,3,11,428,411,4,1
198303012,1983,3,12,465,420,5,4
198303013,1983,3,13,639,621,1,1
198303014,1983,3,14,553,523,4,1
198303015,1983,3,15,342,326,1,0
198303016,1983,3,16,454,430,3,0
198303017,1983,3,17,445,425,1,0
198303018,1983,3,18,469,448,3,0
198303019,1983,3,19,456,437,1,1
198303020,1983,3,20,494,474,2,1
198303021,1983,3,21,381,364,1,0
198303022,1983,3,22,499,470,3,0
198303023,1983,3,23,526,485,3,0
198303024,1983,3,24,573,539,6,4
198303025,1983,3,25,328,303,1,0
198303026,1983,3,26,434,421,4,0
198303027,1983,3,27,492,472,2,0
198303028,1983,3,28,297,285,2,1
198303029,1983,3,29,503,479,3,2
198303030,1983,3,30,353,331,1,2
198303031,1983,3,31,613,568,3,1
198303032,1983,3,32,451,441,1,0
198303033,1983,3,33,332,320,4,1
198303034,1983,3,34,450,422,9,0
198303035,1983,3,35,402,368,3,4
198303036,1983,3,36,363,337,4,1
198303037,1983,3,37,455,425,4,1
198303038,1983,3,38,456,433,2,2
198303039,1983,3,39,482,454,7,2
198303040,1983,3,40,490,457,8,2
198303041,1983,3,41,481,442,2,1
198303042,1983,3,42,539,517,5,0
198303043,1983,3,43,502,482,0,1
198303044,1983,3,44,359,351,1,1
198303045,1983,3,45,395,375,2,0
198303046,1983,3,46,509,486,1,0
198303047,1983,3,47,462,423,3,2
198303048,1983,3,48,355,336,3,1
198303049,1983,3,49,510,485,3,3
198303050,1983,3,50,440,422,4,4
198303051,1983,3,51,397,374,3,0
198303052,1983,3,52,294,282,4,0
198303053,1983,3,53,430,404,3,0
198303054,1983,3,54,371,353,4,0
198303055,1983,3,55,633,584,1,1
198303056,1983,3,56,640,601,3,0
198304001,1983,4,1,492,457,0,0
198304002,1983,4,2,1024,968,43,1
198304003,1983,4,3,477,453,0,0
198304004,1983,4,4,425,395,5,1
198304005,1983,4,5,291,273,2,1
198304006,1983,4,6,486,451,8,1
198304007,1983,4,7,400,376,1,0
198304008,1983,4,8,394,370,3,1
198304009,1983,4,9,736,692,32,0
198304010,1983,4,10,293,269,0,1
198304011,1983,4,11,428,407,6,1
198304012,1983,4,12,607,573,8,2
198304013,1983,4,13,466,442,1,2
198304014,1983,4,14,467,440,2,1
198304015,1983,4,15,422,377,8,5
198304016,1983,4,16,475,445,3,3
198304017,1983,4,17,262,259,1,0
198304018,1983,4,18,442,420,4,0
198304019,1983,4,19,560,535,2,1
198304020,1983,4,20,402,379,5,0
198304021,1983,4,21,523,474,13,1
198304022,1983,4,22,520,476,37,2
198304023,1983,4,23,339,319,13,1
198304024,1983,4,24,541,501,22,3
198304025,1983,4,25,329,302,1,2
198304026,1983,4,26,367,347,4,0
198304027,1983,4,27,301,278,4,2
198304028,1983,4,28,510,441,53,2
198304029,1983,4,29,343,263,72,1
198304030,1983,4,30,379,205,166,1
198304031,1983,4,31,325,297,20,0
198304032,1983,4,32,508,435,57,1
198304033,1983,4,33,491,450,7,2
198304034,1983,4,34,288,210,71,0
198304035,1983,4,35,318,296,9,0
198304036,1983,4,36,423,397,4,0
198304037,1983,4,37,334,323,3,0
198304038,1983,4,38,553,404,133,4
198304039,1983,4,39,565,548,1,0
198304040,1983,4,40,405,386,4,0
198304041,1983,4,41,497,456,4,1
198304042,1983,4,42,391,326,51,1
198304043,1983,4,43,290,269,7,0
198304044,1983,4,44,513,455,36,1
198304045,1983,4,45,763,390,360,1
198304046,1983,4,46,479,461,8,2
198304047,1983,4,47,375,346,5,1
198304048,1983,4,48,340,185,148,1
198304049,1983,4,49,401,351,9,2
198304050,1983,4,50,447,416,2,0
198304051,1983,4,51,514,410,93,1
198304052,1983,4,52,569,516,46,0
198304053,1983,4,53,356,272,74,3
198304054,1983,4,54,437,418,1,0
198304055,1983,4,55,375,330,40,1
198304056,1983,4,56,576,547,3,3
198304057,1983,4,57,434,368,60,0
198304058,1983,4,58,429,343,80,2
198304059,1983,4,59,483,420,55,3
198304060,1983,4,60,512,454,34,3
198304061,1983,4,61,399,354,37,1
198305001,1983,5,1,542,520,9,1
198305002,1983,5,2,563,542,6,0
198305003,1983,5,3,536,518,5,1
198305004,1983,5,4,592,566,9,0
198305005,1983,5,5,696,664,9,0
198305006,1983,5,6,622,604,5,0
198305007,1983,5,7,664,637,5,1
198305008,1983,5,8,318,230,84,1
198305009,1983,5,9,451,436,4,0
198305010,1983,5,10,512,419,80,0
198305011,1983,5,11,506,409,87,3
198305012,1983,5,12,400,294,98,3
198305013,1983,5,13,319,240,72,1
198305014,1983,5,14,432,328,92,2
198305015,1983,5,15,399,306,81,1
198305016,1983,5,16,570,548,12,0
198305017,1983,5,17,431,411,0,0
198305018,1983,5,18,448,438,3,0
198305019,1983,5,19,463,436,4,1
198305020,1983,5,20,536,505,12,0
198305021,1983,5,21,471,446,9,0
198305022,1983,5,22,589,550,18,1
198305023,1983,5,23,385,378,1,0
198305024,1983,5,24,395,209,175,3
198305025,1983,5,25,364,351,3,0
198305026,1983,5,26,514,399,104,4
198305027,1983,5,27,430,315,106,3
198305028,1983,5,28,471,427,32,0
198305029,1983,5,29,431,418,3,0
198305030,1983,5,30,434,307,115,2
198305031,1983,5,31,491,466,5,0
198305032,1983,5,32,419,401,7,0
198305033,1983,5,33,316,219,91,1
198305034,1983,5,34,377,366,4,0
198305035,1983,5,35,360,246,108,1
198305036,1983,5,36,365,355,1,0
198305037,1983,5,37,449,308,129,2
198305038,1983,5,38,366,186,171,1
198305039,1983,5,39,403,231,161,2
198305040,1983,5,40,531,508,4,1
198305041,1983,5,41,472,305,161,3
198305042,1983,5,42,470,450,3,0
198305043,1983,5,43,489,346,137,1
198305044,1983,5,44,287,274,7,2
198305045,1983,5,45,459,442,2,0
198305046,1983,5,46,814,781,8,0
198305047,1983,5,47,417,388,17,1
198305048,1983,5,48,377,351,6,1
198305049,1983,5,49,487,474,3,0
198305050,1983,5,50,568,531,25,0
198305051,1983,5,51,678,626,38,0
198305052,1983,5,52,569,544,7,0
198305053,1983,5,53,401,336,54,1
198305054,1983,5,54,494,459,24,0
198305055,1983,5,55,385,367,11,0
198305056,1983,5,56,406,395,1,0
198305057,1983,5,57,432,420,3,0
198305058,1983,5,58,351,344,1,0
198305059,1983,5,59,347,345,0,0
198305060,1983,5,60,446,414,23,0
198306001,1983,6,1,355,343,4,0
198306002,1983,6,2,541,526,1,0
198306003,1983,6,3,359,342,2,0
198306004,1983,6,4,579,543,1,0
198306005,1983,6,5,344,323,2,3
198306006,1983,6,6,383,371,2,0
198306007,1983,6,7,340,315,1,0
198306008,1983,6,8,429,419,4,0
198306009,1983,6,9,395,376,7,0
198306010,1983,6,10,425,417,4,0
198306011,1983,6,11,461,445,4,0
198306012,1983,6,12,310,292,5,1
198306013,1983,6,13,520,485,3,3
198306014,1983,6,14,348,338,1,0
198306015,1983,6,15,432,414,3,0
198306016,1983,6,16,392,388,2,0
198306017,1983,6,17,399,392,1,1
198306018,1983,6,18,385,365,5,0
198306019,1983,6,19,479,465,4,1
198306020,1983,6,20,524,510,1,0
198306021,1983,6,21,389,374,1,2
198306022,1983,6,22,338,329,2,0
198306023,1983,6,23,389,376,2,1
198306024,1983,6,24,481,461,4,0
198306025,1983,6,25,401,375,3,0
198306026,1983,6,26,465,448,3,0
198306027,1983,6,27,430,417,4,0
198306028,1983,6,28,460,444,3,0
198306029,1983,6,29,609,595,4,0
198306030,1983,6,30,381,365,5,0
198306031,1983,6,31,476,466,6,0
198306032,1983,6,32,426,409,2,1
198306033,1983,6,33,364,346,3,0
198306034,1983,6,34,470,457,1,1
198306035,1983,6,35,488,470,4,4
198306036,1983,6,36,360,349,1,0
198306037,1983,6,37,499,482,3,2
198306038,1983,6,38,345,334,3,0
198306039,1983,6,39,463,438,4,0
198306040,1983,6,40,471,457,1,0
198306041,1983,6,41,368,366,0,1
198306042,1983,6,42,417,396,2,1
198306043,1983,6,43,513,494,4,1
198306044,1983,6,44,299,291,2,0
198306045,1983,6,45,380,371,3,2
198306046,1983,6,46,435,408,6,1
198306047,1983,6,47,491,473,4,0
198306048,1983,6,48,359,343,4,0
198306049,1983,6,49,387,376,5,0
198306050,1983,6,50,433,428,3,0
198306051,1983,6,51,317,312,1,0
198306052,1983,6,52,372,351,2,4
198306053,1983,6,53,567,554,4,0
198306054,1983,6,54,458,444,2,0
198306055,1983,6,55,515,490,9,0
198306056,1983,6,56,459,448,0,1
198306057,1983,6,57,552,535,2,1
198306058,1983,6,58,536,520,3,1
198306059,1983,6,59,440,432,3,0
198306060,1983,6,60,483,462,4,0
198306061,1983,6,61,558,546,4,0
198306062,1983,6,62,427,409,1,0
198306063,1983,6,63,378,367,2,0
198306064,1983,6,64,565,544,1,0
198306065,1983,6,65,505,489,3,0
198306066,1983,6,66,526,510,5,1
198306067,1983,6,67,474,460,4,1
198306068,1983,6,68,459,435,3,1
198306069,1983,6,69,350,340,4,1
198306070,1983,6,70,519,506,2,1
198306071,1983,6,71,550,522,2,0
198306072,1983,6,72,367,359,2,0
198306073,1983,6,73,381,371,1,0
198306074,1983,6,74,307,304,0,1
198306075,1983,6,75,439,423,2,1
198306076,1983,6,76,402,382,3,1
198306077,1983,6,77,524,515,2,0
198306078,1983,6,78,429,411,8,0
198306079,1983,6,79,423,407,4,1
198306080,1983,6,80,532,513,3,1
198306081,1983,6,81,465,457,2,0
198306082,1983,6,82,322,309,1,0
198306083,1983,6,83,501,483,2,0
198307001,1983,7,1,565,540,4,1
198307002,1983,7,2,369,300,57,0
198307003,1983,7,3,488,448,20,0
198307004,1983,7,4,462,221,231,5
198307005,1983,7,5,467,256,193,4
198307006,1983,7,6,574,544,11,1
198307007,1983,7,7,577,517,21,4
198307008,1983,7,8,405,140,247,1
198307009,1983,7,9,423,363,40,0
198307010,1983,7,10,462,436,17,0
198307011,1983,7,11,353,335,12,1
198307012,1983,7,12,497,394,78,2
198307013,1983,7,13,273,144,115,1
198307014,1983,7,14,560,515,30,0
198307015,1983,7,15,560,516,24,0
198307016,1983,7,16,620,600,0,0
198307017,1983,7,17,519,494,0,0
198307018,1983,7,18,575,450,102,2
198307019,1983,7,19,564,545,3,0
198307020,1983,7,20,513,445,43,1
198307021,1983,7,21,455,302,138,0
198307022,1983,7,22,429,416,1,2
198307023,1983,7,23,437,425,4,0
198307024,1983,7,24,398,184,200,2
198307025,1983,7,25,485,254,220,1
198307026,1983,7,26,550,495,36,1
198307027,1983,7,27,636,614,6,0
198307028,1983,7,28,638,608,8,0
198307029,1983,7,29,559,521,21,0
198307030,1983,7,30,612,579,21,1
198307031,1983,7,31,649,587,47,0
198307032,1983,7,32,487,124,333,0
198307033,1983,7,33,329,166,154,1
198307034,1983,7,34,538,519,1,0
198307035,1983,7,35,596,581,1,0
198307036,1983,7,36,486,147,316,5
198307037,1983,7,37,404,389,2,0
198307038,1983,7,38,402,202,173,2
198307039,1983,7,39,507,495,1,0
198307040,1983,7,40,426,147,256,1
198307041,1983,7,41,543,475,47,0
198307042,1983,7,42,588,518,51,3
198307043,1983,7,43,341,124,205,1
198307044,1983,7,44,523,218,281,2
198308001,1983,8,1,590,573,3,1
198308002,1983,8,2,405,382,14,0
198308003,1983,8,3,678,633,18,0
198308004,1983,8,4,464,445,7,0
198308005,1983,8,5,613,584,11,0
198308006,1983,8,6,550,537,2,0
198308007,1983,8,7,527,499,15,0
198308008,1983,8,8,706,690,5,0
198308009,1983,8,9,411,396,7,0
198308010,1983,8,10,490,475,8,0
198308011,1983,8,11,448,423,6,0
198308012,1983,8,12,547,496,25,2
198308013,1983,8,13,512,483,7,2
198308014,1983,8,14,547,531,2,0
198308015,1983,8,15,445,404,16,1
198308016,1983,8,16,480,459,11,0
198308017,1983,8,17,550,516,19,0
198308018,1983,8,18,468,462,0,0
198308019,1983,8,19,571,542,10,0
198308020,1983,8,20,464,454,2,1
198308021,1983,8,21,425,410,7,0
198308022,1983,8,22,450,439,2,1
198308023,1983,8,23,427,413,2,0
198308024,1983,8,24,529,497,5,0
198308025,1983,8,25,493,459,13,1
198308026,1983,8,26,414,405,0,0
198308027,1983,8,27,388,377,3,0
198308028,1983,8,28,336,319,5,0
198308029,1983,8,29,413,401,0,1
198308030,1983,8,30,542,523,7,1
198308031,1983,8,31,482,465,6,0
198308032,1983,8,32,821,794,3,0
198308033,1983,8,33,428,382,26,2
198308034,1983,8,34,592,555,10,2
198308035,1983,8,35,625,602,3,0
198308036,1983,8,36,537,507,10,0
198308037,1983,8,37,353,335,2,0
198308038,1983,8,38,582,551,9,1
198308039,1983,8,39,534,514,4,1
198308040,1983,8,40,507,498,3,0
198308041,1983,8,41,559,548,2,0
198308042,1983,8,42,518,505,6,0
198308043,1983,8,43,403,394,1,0
198308044,1983,8,44,511,498,3,0
198308045,1983,8,45,512,505,3,0
198308046,1983,8,46,435,415,11,1
198308047,1983,8,47,533,501,14,1
198308048,1983,8,48,560,524,5,1
198308049,1983,8,49,605,594,2,0
198308050,1983,8,50,521,496,6,0
198308051,1983,8,51,515,498,6,1
198308052,1983,8,52,513,498,4,1
198308053,1983,8,53,562,533,9,0
198308054,1983,8,54,583,547,12,1
198308055,1983,8,55,592,570,4,0
198308056,1983,8,56,647,625,12,1
198308057,1983,8,57,522,503,5,1
198308058,1983,8,58,531,514,1,0
198308059,1983,8,59,576,535,23,1
198308060,1983,8,60,344,329,4,1
198308061,1983,8,61,635,606,3,0
198308062,1983,8,62,441,419,3,0
198308063,1983,8,63,534,508,10,1
198309001,1983,9,1,618,587,12,1
198309002,1983,9,2,599,561,21,0
198309003,1983,9,3,585,564,0,0
198309004,1983,9,4,565,550,7,2
198309005,1983,9,5,556,533,6,0
198309006,1983,9,6,558,540,6,0
198309007,1983,9,7,529,438,69,0
198309008,1983,9,8,689,665,5,0
198309009,1983,9,9,590,574,3,0
198309010,1983,9,10,489,460,14,1
198309011,1983,9,11,521,494,5,0
198309012,1983,9,12,625,574,30,0
198309013,1983,9,13,592,567,7,0
198309014,1983,9,14,398,44,331,1
198309015,1983,9,15,707,699,2,0
198309016,1983,9,16,578,548,15,0
198309017,1983,9,17,539,497,2,0
198309018,1983,9,18,597,562,3,2
198309019,1983,9,19,572,552,7,1
198309020,1983,9,20,633,597,19,1
198309021,1983,9,21,602,568,19,0
198309022,1983,9,22,682,654,14,1
198309023,1983,9,23,538,509,13,1
198309024,1983,9,24,632,607,0,0
198309025,1983,9,25,628,583,23,1
198309026,1983,9,26,566,469,58,3
198309027,1983,9,27,703,655,1,0
198309028,1983,9,28,501,283,187,2
198309029,1983,9,29,597,474,7,0
198309030,1983,9,30,625,591,5,0
198309031,1983,9,31,608,562,24,1
198309032,1983,9,32,471,451,4,0
198309033,1983,9,33,500,479,1,2
198309034,1983,9,34,559,539,5,1
198309035,1983,9,35,584,549,24,0
198309036,1983,9,36,450,415,10,0
198309037,1983,9,37,560,85,459,4
198309038,1983,9,38,552,529,6,1
198309039,1983,9,39,628,528,10,0
198309040,1983,9,40,581,562,4,0
198309041,1983,9,41,612,582,14,0
198309042,1983,9,42,535,511,2,2
198309043,1983,9,43,616,564,9,0
198309044,1983,9,44,603,561,27,0
198309045,1983,9,45,636,589,23,1
198309046,1983,9,46,585,564,5,0
198310001,1983,10,1,312,219,69,1
198310002,1983,10,2,394,17,365,2
198310003,1983,10,3,531,20,489,1
198310004,1983,10,4,470,440,14,1
198310005,1983,10,5,549,24,509,3
198310006,1983,10,6,491,465,9,0
198310007,1983,10,7,422,27,379,1
198310008,1983,10,8,523,18,478,4
198310009,1983,10,9,656,620,15,2
198310010,1983,10,10,470,441,10,3
198310011,1983,10,11,522,496,16,0
198310012,1983,10,12,590,30,543,0
198310013,1983,10,13,419,397,9,1
198310014,1983,10,14,330,320,4,1
198310015,1983,10,15,440,24,392,1
198310016,1983,10,16,539,16,514,1
198310017,1983,10,17,505,27,463,5
198310018,1983,10,18,626,590,20,2
198310019,1983,10,19,429,14,408,0
198310020,1983,10,20,400,16,368,2
198310021,1983,10,21,563,27,520,1
198310022,1983,10,22,660,26,621,0
198310023,1983,10,23,425,48,368,0
198310024,1983,10,24,440,33,392,5
198310025,1983,10,25,513,479,8,0
198310026,1983,10,26,353,15,326,1
198310027,1983,10,27,487,13,461,1
198310028,1983,10,28,440,414,7,1
198310029,1983,10,29,560,486,53,0
198310030,1983,10,30,439,73,347,3
198310031,1983,10,31,556,535,7,0
198310032,1983,10,32,560,18,513,6
198310033,1983,10,33,441,19,407,2
198310034,1983,10,34,569,33,522,1
198310035,1983,10,35,456,29,409,1
198310036,1983,10,36,401,29,361,1
198310037,1983,10,37,526,23,495,0
198310038,1983,10,38,585,33,538,0
198310039,1983,10,39,507,27,474,0
198310040,1983,10,40,439,207,219,0
198310041,1983,10,41,531,14,500,1
198310042,1983,10,42,601,26,560,2
198310043,1983,10,43,455,444,4,1
198310044,1983,10,44,535,14,512,1
198310045,1983,10,45,412,32,371,2
198310046,1983,10,46,493,24,462,0
198310047,1983,10,47,606,19,572,1
198310048,1983,10,48,530,19,495,1
198310049,1983,10,49,422,370,21,1
198310050,1983,10,50,504,44,448,3
198310051,1983,10,51,401,20,370,2
198310052,1983,10,52,579,191,361,1
198310053,1983,10,53,401,304,74,5
198310054,1983,10,54,437,260,157,4
198310055,1983,10,55,677,5,662,3
198310056,1983,10,56,530,35,478,4
198310057,1983,10,57,463,18,436,0
198310058,1983,10,58,510,21,485,1
198310059,1983,10,59,471,445,5,0
198310060,1983,10,60,445,429,3,1
198310061,1983,10,61,536,20,504,3
198310062,1983,10,62,596,561,7,3
198311001,1983,11,1,291,21,263,1
198311002,1983,11,2,366,17,333,3
198311003,1983,11,3,420,406,3,0
198311004,1983,11,4,385,20,359,1
198311005,1983,11,5,281,14,261,1
198311006,1983,11,6,311,27,269,2
198311007,1983,11,7,507,34,460,0
198311008,1983,11,8,543,27,502,1
198311009,1983,11,9,561,49,487,2
198311010,1983,11,10,659,569,62,2
198311011,1983,11,11,304,12,282,0
198311012,1983,11,12,290,15,266,2
198311013,1983,11,13,377,39,330,1
198311014,1983,11,14,293,13,271,2
198311015,1983,11,15,337,13,315,3
198311016,1983,11,16,456,36,410,1
198311017,1983,11,17,324,24,289,0
198311018,1983,11,18,328,30,290,1
198311019,1983,11,19,397,25,350,2
198311020,1983,11,20,391,20,356,0
198311021,1983,11,21,400,25,361,2
198311022,1983,11,22,314,17,285,2
198311023,1983,11,23,464,29,429,0
198311024,1983,11,24,409,22,376,1
198311025,1983,11,25,367,19,345,0
198311026,1983,11,26,340,29,297,0
198311027,1983,11,27,300,22,272,0
198311028,1983,11,28,393,25,355,2
198311029,1983,11,29,317,22,285,3
198311030,1983,11,30,325,29,283,2
198311031,1983,11,31,293,14,269,1
198311032,1983,11,32,319,22,287,0
198311033,1983,11,33,708,649,8,1
198311034,1983,11,34,427,107,293,11
198311035,1983,11,35,614,40,551,2
198311036,1983,11,36,644,594,10,0
198311037,1983,11,37,341,24,303,4
198311038,1983,11,38,349,21,320,1
198311039,1983,11,39,483,26,452,1
198311040,1983,11,40,386,27,341,1
198311041,1983,11,41,387,3,372,1
198311042,1983,11,42,287,17,265,0
198311043,1983,11,43,569,28,530,1
198311044,1983,11,44,501,25,459,0
198311045,1983,11,45,392,12,375,1
198311046,1983,11,46,280,127,133,0
198311047,1983,11,47,393,17,368,0
198311048,1983,11,48,465,23,428,2
198311049,1983,11,49,262,27,223,1
198311050,1983,11,50,319,23,282,1
198311051,1983,11,51,612,28,567,4
198311052,1983,11,52,351,23,315,1
198311053,1983,11,53,364,11,348,1
198311054,1983,11,54,410,386,4,1
198311055,1983,11,55,403,380,1,0
198311056,1983,11,56,510,469,3,3
198311057,1983,11,57,426,21,392,3
198311058,1983,11,58,801,726,19,1
198311059,1983,11,59,303,62,234,3
198311060,1983,11,60,494,470,1,0
198311061,1983,11,61,330,23,298,1
198311062,1983,11,62,370,43,318,1
198311063,1983,11,63,309,20,279,3
198311064,1983,11,64,732,706,4,1
198311065,1983,11,65,351,72,256,3
198311066,1983,11,66,665,33,616,1
198311067,1983,11,67,183,53,119,1
198311068,1983,11,68,414,29,373,1
198311069,1983,11,69,593,100,465,2
198311070,1983,11,70,255,57,188,1
198312001,1983,12,1,401,20,370,2
198312002,1983,12,2,523,38,466,1
198312003,1983,12,3,320,33,270,4
198312004,1983,12,4,370,33,319,1
198312005,1983,12,5,404,37,356,0
198312006,1983,12,6,330,28,280,2
198312007,1983,12,7,327,26,293,1
198312008,1983,12,8,489,41,439,1
198312009,1983,12,9,502,39,439,1
198312010,1983,12,10,532,36,481,2
198312011,1983,12,11,336,51,268,1
198312012,1983,12,12,352,41,282,4
198312013,1983,12,13,426,38,374,1
198312014,1983,12,14,386,21,350,4
198312015,1983,12,15,382,42,330,1
198312016,1983,12,16,512,34,460,3
198312017,1983,12,17,356,19,329,1
198312018,1983,12,18,351,17,321,0
198312019,1983,12,19,452,32,402,0
198312020,1983,12,20,458,10,430,0
198312021,1983,12,21,485,98,365,5
198312022,1983,12,22,417,18,383,3
198312023,1983,12,23,169,69,92,2
198312024,1983,12,24,328,22,294,2
198312025,1983,12,25,511,33,462,3
198312026,1983,12,26,366,24,337,0
198312027,1983,12,27,406,21,371,1
198312028,1983,12,28,358,8,347,0
198312029,1983,12,29,483,27,440,1
198312030,1983,12,30,390,26,349,3
198312031,1983,12,31,332,18,304,3
198312032,1983,12,32,397,90,285,4
198312033,1983,12,33,391,7,371,1
198312034,1983,12,34,480,30,435,0
198312035,1983,12,35,431,37,377,4
198312036,1983,12,36,367,20,334,0
198312037,1983,12,37,381,13,363,2
198312038,1983,12,38,464,27,427,1
198312039,1983,12,39,464,13,440,2
198312040,1983,12,40,452,24,408,2
198312041,1983,12,41,478,18,446,1
198312042,1983,12,42,376,19,339,1
198312043,1983,12,43,313,13,290,1
198312044,1983,12,44,479,16,442,3
198312045,1983,12,45,335,13,312,2
198312046,1983,12,46,376,73,275,4
198312047,1983,12,47,405,31,356,1
198312048,1983,12,48,499,484,0,0
198312049,1983,12,49,523,23,481,3
198312050,1983,12,50,304,37,254,2
198312051,1983,12,51,402,11,378,0
198312052,1983,12,52,343,9,317,3
198312053,1983,12,53,364,18,338,0
198312054,1983,12,54,402,32,348,1
198312055,1983,12,55,522,505,4,0
198312056,1983,12,56,468,12,431,0
198312057,1983,12,57,413,22,380,0
198312058,1983,12,58,479,16,435,4
198312059,1983,12,59,493,24,463,0
198312060,1983,12,60,448,132,299,3
198312061,1983,12,61,542,519,2,0
198312062,1983,12,62,573,548,9,1
198313001,1983,13,1,526,22,483,2
198313002,1983,13,2,475,21,451,0
198313003,1983,13,3,490,6,472,1
198313004,1983,13,4,539,24,501,0
198313005,1983,13,5,458,15,429,0
198313006,1983,13,6,511,26,475,1
198313007,1983,13,7,541,16,512,2
198313008,1983,13,8,511,17,483,0
198313009,1983,13,9,517,10,489,7
198313010,1983,13,10,421,6,401,1
198313011,1983,13,11,455,26,415,0
198313012,1983,13,12,608,31,566,1
198313013,1983,13,13,491,26,447,2
198313014,1983,13,14,525,21,497,0
198313015,1983,13,15,472,9,452,4
198313016,1983,13,16,520,22,480,2
198313017,1983,13,17,440,27,400,0
198313018,1983,13,18,448,7,427,4
198313019,1983,13,19,465,12,441,1
198313020,1983,13,20,454,12,436,1
198313021,1983,13,21,443,25,402,1
198313022,1983,13,22,361,20,335,0
198313023,1983,13,23,524,20,499,0
198313024,1983,13,24,426,23,398,1
198313025,1983,13,25,578,25,543,1
198313026,1983,13,26,442,11,420,1
198313027,1983,13,27,446,18,425,0
198313028,1983,13,28,535,22,500,1
198313029,1983,13,29,544,22,511,1
198313030,1983,13,30,513,19,474,6
198313031,1983,13,31,455,20,422,3
198313032,1983,13,32,394,26,360,0
198313033,1983,13,33,478,14,453,0
198313034,1983,13,34,482,18,454,2
198313035,1983,13,35,447,12,422,1
198313036,1983,13,36,443,15,417,2
198313037,1983,13,37,462,18,423,0
198313038,1983,13,38,485,17,460,1
198313039,1983,13,39,421,14,399,2
198313040,1983,13,40,464,15,443,1
198313041,1983,13,41,425,17,400,2
198313042,1983,13,42,536,29,491,0
198313043,1983,13,43,494,23,463,0
198313044,1983,13,44,368,16,344,2
198313045,1983,13,45,446,9,421,3
198313046,1983,13,46,492,12,465,1
198313047,1983,13,47,451,19,415,2
198313048,1983,13,48,477,24,443,0
198313049,1983,13,49,433,23,393,1
198313050,1983,13,50,487,14,462,1
198313051,1983,13,51,486,21,453,1
198313052,1983,13,52,484,17,455,1
198313053,1983,13,53,446,30,411,0
198313054,1983,13,54,451,9,432,0
198313055,1983,13,55,391,9,374,1
198313056,1983,13,56,421,12,393,2
198313057,1983,13,57,454,24,421,0
198313058,1983,13,58,558,21,527,1
198313059,1983,13,59,444,15,411,1
198313060,1983,13,60,419,8,406,0
198313061,1983,13,61,519,25,477,2
198313062,1983,13,62,508,24,472,1
198313063,1983,13,63,491,15,470,0
198313064,1983,13,64,448,24,417,2
198313065,1983,13,65,501,8,481,0
198313066,1983,13,66,439,13,418,0
198313067,1983,13,67,445,17,417,4
198313068,1983,13,68,426,23,393,1
198313069,1983,13,69,588,17,557,1
198313070,1983,13,70,487,26,446,1
198313071,1983,13,71,538,17,510,1
198313072,1983,13,72,665,74,586,0
198313073,1983,13,73,448,15,429,1
198313074,1983,13,74,532,14,505,4
198313075,1983,13,75,469,14,435,4
198313076,1983,13,76,464,19,439,2
198313077,1983,13,77,399,9,384,1
198313078,1983,13,78,463,21,423,3
198314001,1983,14,1,461,27,424,1
198314002,1983,14,2,478,37,431,1
198314003,1983,14,3,508,68,429,3
198314004,1983,14,4,431,41,363,3
198314005,1983,14,5,523,14,499,0
198314006,1983,14,6,441,46,378,2
198314007,1983,14,7,507,22,470,1
198314008,1983,14,8,405,56,332,3
198314009,1983,14,9,351,31,308,1
198314010,1983,14,10,451,18,418,5
198314011,1983,14,11,383,49,322,2
198314012,1983,14,12,492,91,380,2
198314013,1983,14,13,416,39,354,1
198314014,1983,14,14,492,26,457,0
198314015,1983,14,15,435,18,408,0
198314016,1983,14,16,334,164,155,3
198314017,1983,14,17,404,18,372,6
198314018,1983,14,18,305,43,244,2
198314019,1983,14,19,386,19,353,0
198314020,1983,14,20,439,24,398,2
198314021,1983,14,21,486,34,435,1
198314022,1983,14,22,531,401,110,3
198314023,1983,14,23,426,32,383,1
198314024,1983,14,24,538,14,517,0
198314025,1983,14,25,390,20,363,0
198314026,1983,14,26,715,620,52,0
198314027,1983,14,27,391,149,222,3
198314028,1983,14,28,418,29,374,0
198314029,1983,14,29,503,25,471,1
198314030,1983,14,30,331,164,158,0
198314031,1983,14,31,422,202,201,3
198314032,1983,14,32,518,19,482,0
198314033,1983,14,33,403,12,383,3
198314034,1983,14,34,687,595,49,2
198314035,1983,14,35,439,24,407,1
198314036,1983,14,36,599,25,567,4
198314037,1983,14,37,435,24,395,3
198314038,1983,14,38,459,26,418,2
198314039,1983,14,39,364,35,315,0
198314040,1983,14,40,382,27,343,2
198314041,1983,14,41,419,16,395,2
198314042,1983,14,42,476,37,414,5
198314043,1983,14,43,393,171,200,1
198314044,1983,14,44,503,25,454,2
198314045,1983,14,45,305,13,282,0
198314046,1983,14,46,326,54,259,1
198314047,1983,14,47,545,5,529,0
198314048,1983,14,48,521,18,481,4
198314049,1983,14,49,478,57,399,4
198314050,1983,14,50,477,28,443,2
198314051,1983,14,51,416,19,381,2
198314052,1983,14,52,424,21,388,0
198314053,1983,14,53,511,45,444,2
198314054,1983,14,54,512,15,490,1
198314055,1983,14,55,418,12,396,1
198315001,1983,15,1,697,647,20,1
198315002,1983,15,2,806,773,2,4
198315003,1983,15,3,534,490,21,1
198315004,1983,15,4,560,538,0,1
198315005,1983,15,5,723,681,3,2
198315006,1983,15,6,760,725,4,1
198315007,1983,15,7,701,656,5,1
198315008,1983,15,8,332,31,290,2
198315009,1983,15,9,428,34,373,4
198315010,1983,15,10,419,14,380,1
198315011,1983,15,11,576,538,7,2
198315012,1983,15,12,501,62,427,1
198315013,1983,15,13,507,484,6,0
198315014,1983,15,14,541,15,515,0
198315015,1983,15,15,683,655,6,1
198315016,1983,15,16,401,24,366,3
198315017,1983,15,17,412,20,377,4
198315018,1983,15,18,549,516,5,1
198315019,1983,15,19,775,731,1,2
198315020,1983,15,20,555,521,6,2
198315021,1983,15,21,691,645,7,0
198315022,1983,15,22,639,37,586,2
198315023,1983,15,23,674,625,14,2
198315024,1983,15,24,695,676,4,0
198315025,1983,15,25,479,8,463,1
198315026,1983,15,26,543,512,4,1
198315027,1983,15,27,586,10,564,0
198315028,1983,15,28,472,17,443,1
198315029,1983,15,29,390,22,358,1
198315030,1983,15,30,462,82,368,3
198315031,1983,15,31,378,32,337,1
198315032,1983,15,32,399,29,357,0
198315033,1983,15,33,606,543,45,0
198315034,1983,15,34,540,526,2,0
198315035,1983,15,35,721,681,5,1
198315036,1983,15,36,512,30,465,0
198315037,1983,15,37,584,33,523,3
198315038,1983,15,38,426,49,353,3
198315039,1983,15,39,767,724,5,0
198315040,1983,15,40,609,588,3,2
198315041,1983,15,41,462,20,424,2
198315042,1983,15,42,385,24,352,0
198315043,1983,15,43,396,94,284,1
198315044,1983,15,44,270,21,246,0
198315045,1983,15,45,387,12,362,0
198315046,1983,15,46,635,605,4,1
198315047,1983,15,47,392,14,340,1
198315048,1983,15,48,6332,608,1,1
198315049,1983,15,49,559,487,24,1
198315050,1983,15,50,440,40,394,0
198316001,1983,16,1,533,504,3,0
198316002,1983,16,2,503,476,3,1
198316003,1983,16,3,481,463,6,1
198316004,1983,16,4,453,432,2,0
198316005,1983,16,5,521,487,5,2
198316006,1983,16,6,542,511,8,2
198316007,1983,16,7,456,437,0,0
198316008,1983,16,8,431,406,3,0
198316009,1983,16,9,524,494,4,2
198316010,1983,16,10,586,561,4,1
198316011,1983,16,11,473,445,7,0
198316012,1983,16,12,425,402,1,2
198316013,1983,16,13,524,489,2,0
198316014,1983,16,14,552,533,1,2
198316015,1983,16,15,573,546,5,0
198316016,1983,16,16,517,484,11,1
198316017,1983,16,17,114,100,10,0
198316018,1983,16,18,551,509,11,1
198316019,1983,16,19,543,513,2,1
198316020,1983,16,20,590,554,3,1
198316021,1983,16,21,600,569,5,0
198316022,1983,16,22,497,476,2,1
198316023,1983,16,23,467,444,4,1
198316024,1983,16,24,618,593,1,0
198316025,1983,16,25,549,503,3,2
198316026,1983,16,26,553,518,1,1
198316027,1983,16,27,442,423,2,1
198316028,1983,16,28,396,366,1,4
198316029,1983,16,29,379,352,2,1
198316030,1983,16,30,558,527,3,0
198316031,1983,16,31,432,417,3,1
198316032,1983,16,32,441,418,4,0
198316033,1983,16,33,375,335,20,0
198316034,1983,16,34,522,497,6,0
198316035,1983,16,35,571,537,3,1
198316036,1983,16,36,558,537,3,0
198316037,1983,16,37,623,592,2,1
198316038,1983,16,38,468,450,2,0
198316039,1983,16,39,574,545,4,2
198316040,1983,16,40,591,554,8,1
198316041,1983,16,41,571,535,6,4
198316042,1983,16,42,509,480,6,0
198316043,1983,16,43,480,445,4,2
198316044,1983,16,44,525,496,3,1
198316045,1983,16,45,437,416,2,1
198316046,1983,16,46,492,469,2,0
198316047,1983,16,47,529,495,2,3
198316048,1983,16,48,450,426,1,2
198316049,1983,16,49,431,404,5,2
198316050,1983,16,50,608,580,0,1
198316051,1983,16,51,453,427,5,3
198316052,1983,16,52,486,468,3,1
198316053,1983,16,53,484,425,4,1
198316054,1983,16,54,612,581,8,1
198317001,1983,17,1,470,451,4,0
198317002,1983,17,2,555,515,9,1
198317003,1983,17,3,550,524,8,0
198317004,1983,17,4,541,505,7,0
198317005,1983,17,5,566,536,4,4
198317006,1983,17,6,537,520,3,0
198317007,1983,17,7,526,511,1,1
198317008,1983,17,8,520,497,2,1
198317009,1983,17,9,533,506,3,3
198317010,1983,17,10,466,449,3,0
198317011,1983,17,11,413,404,0,0
198317012,1983,17,12,552,512,2,3
198317013,1983,17,13,507,497,2,2
198317014,1983,17,14,400,372,2,1
198317015,1983,17,15,486,454,7,5
198317016,1983,17,16,540,503,4,1
198317017,1983,17,17,530,511,3,0
198317018,1983,17,18,311,300,2,0
198317019,1983,17,19,397,380,4,0
198317020,1983,17,20,542,524,0,0
198317021,1983,17,21,401,387,3,0
198317022,1983,17,22,570,551,3,0
198317023,1983,17,23,508,482,2,1
198317024,1983,17,24,506,485,4,0
198317025,1983,17,25,560,520,9,1
198317026,1983,17,26,600,588,4,1
198317027,1983,17,27,465,452,2,0
198317028,1983,17,28,496,473,3,2
198317029,1983,17,29,572,554,5,0
198317030,1983,17,30,468,454,1,3
198317031,1983,17,31,484,451,3,1
198317032,1983,17,32,469,451,4,2
198317033,1983,17,33,467,427,7,0
198317034,1983,17,34,430,421,1,0
198317035,1983,17,35,396,378,1,0
198317036,1983,17,36,350,333,1,1
198317037,1983,17,37,561,521,5,2
198317038,1983,17,38,454,429,6,2
198317039,1983,17,39,479,458,5,1
198317040,1983,17,40,333,310,2,2
198317041,1983,17,41,551,529,3,1
198317042,1983,17,42,429,411,2,0
198317043,1983,17,43,527,504,0,1
198317044,1983,17,44,452,426,3,1
198317045,1983,17,45,494,478,1,1
198317046,1983,17,46,396,373,7,0
198317047,1983,17,47,446,417,3,1
198317048,1983,17,48,425,412,2,1
198317049,1983,17,49,407,394,6,0
198317050,1983,17,50,466,445,2,0
198317051,1983,17,51,593,572,3,0
198317052,1983,17,52,469,443,6,1
198317053,1983,17,53,481,469,1,0
198317054,1983,17,54,462,447,2,1
198317055,1983,17,55,401,394,3,2
198317056,1983,17,56,555,536,0,1
198317057,1983,17,57,611,595,3,0
198317058,1983,17,58,402,387,6,0
198317059,1983,17,59,588,565,1,1
198317060,1983,17,60,530,512,4,0
198317061,1983,17,61,481,457,4,0
198317062,1983,17,62,535,524,1,0
198317063,1983,17,63,374,367,2,0
198318001,1983,18,1,565,19,536,2
198318002,1983,18,2,546,30,507,1
198318003,1983,18,3,575,23,539,0
198318004,1983,18,4,546,28,511,2
198318005,1983,18,5,607,21,572,1
198318006,1983,18,6,497,27,445,1
198318007,1983,18,7,496,20,467,2
198318008,1983,18,8,437,24,409,1
198318009,1983,18,9,455,19,411,0
198318010,1983,18,10,595,18,565,1
198318011,1983,18,11,496,15,475,0
198318012,1983,18,12,559,20,528,0
198318013,1983,18,13,564,24,524,0
198318014,1983,18,14,481,24,447,1
198318015,1983,18,15,593,18,568,0
198318016,1983,18,16,455,16,429,0
198318017,1983,18,17,339,16,316,1
198318018,1983,18,18,504,462,20,2
198318019,1983,18,19,514,488,4,2
198318020,1983,18,20,451,23,407,1
198318021,1983,18,21,569,12,548,1
198318022,1983,18,22,457,18,430,0
198318023,1983,18,23,545,24,510,2
198318024,1983,18,24,474,13,454,0
198318025,1983,18,25,728,697,11,0
198318026,1983,18,26,497,21,467,1
198318027,1983,18,27,576,559,3,2
198318028,1983,18,28,577,18,539,2
198318029,1983,18,29,514,11,497,1
198318030,1983,18,30,591,576,7,0
198318031,1983,18,31,400,9,382,2
198318032,1983,18,32,602,569,15,1
198318033,1983,18,33,556,17,519,2
198318034,1983,18,34,610,13,589,1
198318035,1983,18,35,453,14,430,1
198318036,1983,18,36,604,23,567,2
198318037,1983,18,37,548,18,512,4
198318038,1983,18,38,723,689,7,1
198318039,1983,18,39,557,529,6,0
198318040,1983,18,40,483,19,453,2
198318041,1983,18,41,535,511,7,1
198318042,1983,18,42,702,662,4,4
198318043,1983,18,43,439,425,1,1
198318044,1983,18,44,601,585,1,4
198318045,1983,18,45,724,683,8,0
198318046,1983,18,46,442,415,7,1
198318047,1983,18,47,168,12,149,3
198318048,1983,18,48,327,3,318,0
198318049,1983,18,49,494,14,474,3
198318050,1983,18,50,544,520,6,1
198318051,1983,18,51,507,500,0,0
198318052,1983,18,52,653,622,4,2
198318053,1983,18,53,625,595,3,1
198318054,1983,18,54,404,39,354,4
198318055,1983,18,55,590,543,3,1
198318056,1983,18,56,514,15,482,2
198318057,1983,18,57,452,12,426,2
198318058,1983,18,58,496,479,3,1
198318059,1983,18,59,537,20,505,2
198318060,1983,18,60,685,655,2,2
198318061,1983,18,61,627,610,2,0
198318062,1983,18,62,724,21,686,0
198318063,1983,18,63,602,578,7,1
198318064,1983,18,64,372,365,1,0
198318065,1983,18,65,371,360,0,0
198318066,1983,18,66,475,461,2,0
198319001,1983,19,1,515,33,464,2
198319002,1983,19,2,425,99,320,0
198319003,1983,19,3,524,20,490,1
198319004,1983,19,4,436,14,416,0
198319005,1983,19,5,438,67,360,2
198319006,1983,19,6,427,22,391,2
198319007,1983,19,7,452,34,403,5
198319008,1983,19,8,477,20,451,0
198319009,1983,19,9,549,70,459,4
198319010,1983,19,10,428,74,340,3
198319011,1983,19,11,606,28,561,4
198319012,1983,19,12,460,16,433,0
198319013,1983,19,13,405,197,199,0
198319014,1983,19,14,538,18,504,3
198319015,1983,19,15,585,14,560,2
198319016,1983,19,16,596,28,560,2
198319017,1983,19,17,532,22,496,2
198319018,1983,19,18,404,63,335,2
198319019,1983,19,19,567,89,468,0
198319020,1983,19,20,537,132,393,1
198319021,1983,19,21,656,626,7,1
198319022,1983,19,22,471,333,125,1
198319023,1983,19,23,523,17,494,2
198319024,1983,19,24,447,21,399,0
198319025,1983,19,25,502,87,404,0
198319026,1983,19,26,532,100,415,3
198319027,1983,19,27,440,130,296,1
198319028,1983,19,28,440,282,147,1
198319029,1983,19,29,484,19,451,1
198319030,1983,19,30,535,86,432,3
198319031,1983,19,31,463,30,428,1
198319032,1983,19,32,556,41,504,0
198319033,1983,19,33,428,22,398,1
198319034,1983,19,34,477,68,398,1
198319035,1983,19,35,498,69,411,4
198319036,1983,19,36,467,109,341,0
198319037,1983,19,37,396,116,275,1
198319038,1983,19,38,549,146,393,1
198319039,1983,19,39,342,83,242,1
198319040,1983,19,40,530,81,439,3
198319041,1983,19,41,484,155,318,0
198319042,1983,19,42,503,162,326,4
198319043,1983,19,43,476,394,77,0
198319044,1983,19,44,550,24,515,1
198319045,1983,19,45,475,29,436,0
198319046,1983,19,46,408,27,373,0
198319047,1983,19,47,439,30,403,1
198319048,1983,19,48,569,491,67,0
198319049,1983,19,49,648,207,434,2
198319050,1983,19,50,535,500,16,0
198319051,1983,19,51,526,20,494,2
198319052,1983,19,52,483,17,456,0
198319053,1983,19,53,514,34,460,2
198319054,1983,19,54,483,20,451,5
198319055,1983,19,55,577,17,548,1
198319056,1983,19,56,477,97,369,1
198319057,1983,19,57,509,61,438,0
198319058,1983,19,58,436,12,419,1
198319059,1983,19,59,466,18,441,1
198319060,1983,19,60,425,349,63,0
198319061,1983,19,61,467,29,426,3
198319062,1983,19,62,538,36,484,2
198319063,1983,19,63,410,326,73,0
198319064,1983,19,64,465,66,391,3
198319065,1983,19,65,465,89,367,1
198319066,1983,19,66,473,88,367,2
198319067,1983,19,67,545,70,467,0
198319068,1983,19,68,445,23,403,2
198319069,1983,19,69,419,23,389,0
198319070,1983,19,70,422,26,388,1
198319071,1983,19,71,388,18,361,2
198319072,1983,19,72,428,15,399,2
198319073,1983,19,73,479,21,447,3
198319074,1983,19,74,441,25,404,2
198320001,1983,20,1,400,384,2,0
198320002,1983,20,2,332,324,1,0
198320003,1983,20,3,466,439,5,0
198320004,1983,20,4,247,234,3,1
198320005,1983,20,5,480,449,3,0
198320006,1983,20,6,351,335,4,3
198320007,1983,20,7,228,216,0,0
198320008,1983,20,8,517,490,4,1
198320009,1983,20,9,430,408,1,0
198320010,1983,20,10,333,318,2,0
198320011,1983,20,11,503,475,4,1
198320012,1983,20,12,311,295,2,2
198320013,1983,20,13,444,409,8,1
198320014,1983,20,14,607,579,5,2
198320015,1983,20,15,311,302,1,0
198320016,1983,20,16,420,407,3,0
198320017,1983,20,17,371,337,2,1
198320018,1983,20,18,361,345,3,0
198320019,1983,20,19,438,421,6,0
198320020,1983,20,20,356,338,3,0
198320021,1983,20,21,464,439,4,0
198320022,1983,20,22,465,417,4,0
198320023,1983,20,23,473,447,0,0
198320024,1983,20,24,444,434,3,0
198320025,1983,20,25,525,506,4,0
198320026,1983,20,26,381,367,1,0
198320027,1983,20,27,399,392,0,2
198320028,1983,20,28,355,338,1,0
198320029,1983,20,29,392,358,8,1
198320030,1983,20,30,443,437,2,1
198320031,1983,20,31,588,544,7,0
198320032,1983,20,32,483,449,16,0
198320033,1983,20,33,389,371,2,0
198320034,1983,20,34,392,364,17,2
198320035,1983,20,35,357,344,2,0
198320036,1983,20,36,342,331,2,1
198320037,1983,20,37,386,373,1,0
198320038,1983,20,38,413,396,3,1
198320039,1983,20,39,518,482,4,0
198320040,1983,20,40,358,344,3,0
198320041,1983,20,41,404,384,0,0
198320042,1983,20,42,329,319,1,1
198320043,1983,20,43,421,399,3,0
198320044,1983,20,44,390,367,8,0
198320045,1983,20,45,403,383,2,1
198320046,1983,20,46,434,422,3,0
198320047,1983,20,47,389,376,0,0
198320048,1983,20,48,152,145,0,2
198320049,1983,20,49,436,425,3,1
198320050,1983,20,50,662,623,13,3
198320051,1983,20,51,372,333,10,2
198320052,1983,20,52,310,284,6,0
198320053,1983,20,53,417,402,2,1
198320054,1983,20,54,283,270,2,2
198320055,1983,20,55,433,428,3,0
198320056,1983,20,56,448,425,5,0
198320057,1983,20,57,371,361,2,0
198320058,1983,20,58,320,305,0,0
198320059,1983,20,59,399,392,2,1
198320060,1983,20,60,394,380,1,1
198320061,1983,20,61,324,310,2,1
198320062,1983,20,62,367,360,1,0
198320063,1983,20,63,400,383,1,0
198320064,1983,20,64,309,297,1,0
198320065,1983,20,65,467,446,1,0
198320066,1983,20,66,441,416,1,3
198320067,1983,20,67,442,428,1,1
198321001,1983,21,1,516,479,18,4
198321002,1983,21,2,448,425,6,2
198321003,1983,21,3,543,534,2,0
198321004,1983,21,4,642,623,8,2
198321005,1983,21,5,515,495,1,0
198321006,1983,21,6,562,544,3,1
198321007,1983,21,7,728,698,7,1
198321008,1983,21,8,592,587,3,0
198321009,1983,21,9,642,607,3,0
198321010,1983,21,10,624,596,2,0
198321011,1983,21,11,552,538,3,0
198321012,1983,21,12,601,583,4,0
198321013,1983,21,13,362,358,0,1
198321014,1983,21,14,550,538,2,0
198321015,1983,21,15,661,647,2,0
198321016,1983,21,16,555,545,2,0
198321017,1983,21,17,680,660,5,1
198321018,1983,21,18,496,477,6,1
198321019,1983,21,19,665,640,5,3
198321020,1983,21,20,554,528,4,0
198321021,1983,21,21,518,490,9,1
198321022,1983,21,22,545,497,35,1
198321023,1983,21,23,425,411,3,0
198321024,1983,21,24,484,469,1,0
198321025,1983,21,25,454,437,1,0
198321026,1983,21,26,446,427,3,1
198321027,1983,21,27,585,555,1,1
198321028,1983,21,28,394,378,3,0
198321029,1983,21,29,670,637,9,0
198321030,1983,21,30,339,328,2,0
198321031,1983,21,31,368,360,5,0
198321032,1983,21,32,590,562,3,0
198321033,1983,21,33,416,397,8,1
198321034,1983,21,34,595,579,2,1
198321035,1983,21,35,404,380,6,1
198321036,1983,21,36,537,514,9,0
198321037,1983,21,37,471,455,1,1
198321038,1983,21,38,577,558,4,0
198321039,1983,21,39,688,667,5,0
198321040,1983,21,40,436,423,3,0
198321041,1983,21,41,535,522,2,0
198321042,1983,21,42,546,530,2,0
198321043,1983,21,43,508,478,0,2
198321044,1983,21,44,562,536,2,1
198321045,1983,21,45,450,431,8,0
198321046,1983,21,46,538,521,3,0
198321047,1983,21,47,585,572,0,1
198321048,1983,21,48,449,428,2,0
198321049,1983,21,49,591,575,3,0
198321050,1983,21,50,439,427,2,0
198321051,1983,21,51,583,560,4,0
198321052,1983,21,52,565,541,2,0
198321053,1983,21,53,549,527,6,0
198321054,1983,21,54,462,451,2,0
198321055,1983,21,55,533,516,4,0
198321056,1983,21,56,525,507,7,0
198321057,1983,21,57,500,479,3,1
198321058,1983,21,58,453,444,1,0
198321059,1983,21,59,574,545,2,0
198321060,1983,21,60,597,575,7,0
198321061,1983,21,61,669,650,4,0
198321062,1983,21,62,606,581,7,2
198321063,1983,21,63,472,455,1,0
198321064,1983,21,64,474,463,2,1
198322001,1983,22,1,531,506,2,2
198322002,1983,22,2,274,77,189,2
198322003,1983,22,3,304,87,204,2
198322004,1983,22,4,307,111,176,2
198322005,1983,22,5,418,125,277,4
198322006,1983,22,6,306,140,152,3
198322007,1983,22,7,515,480,3,1
198322008,1983,22,8,391,146,229,3
198322009,1983,22,9,263,80,160,1
198322010,1983,22,10,501,123,361,0
198322011,1983,22,11,279,99,160,2
198322012,1983,22,12,342,125,198,4
198322013,1983,22,13,268,117,137,4
198322014,1983,22,14,355,294,53,0
198322015,1983,22,15,278,156,110,1
198322016,1983,22,16,362,107,245,0
198322017,1983,22,17,246,81,153,2
198322018,1983,22,18,292,149,123,4
198322019,1983,22,19,437,317,101,1
198322020,1983,22,20,199,113,74,2
198322021,1983,22,21,559,458,55,0
198322022,1983,22,22,325,164,141,1
198322023,1983,22,23,400,107,278,1
198322024,1983,22,24,256,144,99,0
198322025,1983,22,25,279,94,172,1
198322026,1983,22,26,298,141,138,1
198322027,1983,22,27,450,133,289,2
198323001,1983,23,1,411,13,389,1
198323002,1983,23,2,550,17,517,0
198323003,1983,23,3,430,21,403,0
198323004,1983,23,4,420,24,392,0
198323005,1983,23,5,415,23,382,3
198323006,1983,23,6,513,35,469,1
198323007,1983,23,7,429,15,390,1
198323008,1983,23,8,492,24,451,2
198323009,1983,23,9,420,14,398,1
198323010,1983,23,10,501,23,466,2
198323011,1983,23,11,429,16,403,2
198323012,1983,23,12,389,18,364,2
198323013,1983,23,13,495,17,467,0
198323014,1983,23,14,499,25,452,8
198323015,1983,23,15,478,22,447,1
198323016,1983,23,16,519,19,483,0
198323017,1983,23,17,470,24,440,1
198323018,1983,23,18,449,10,428,1
198323019,1983,23,19,469,14,442,2
198323020,1983,23,20,520,11,493,3
198323021,1983,23,21,585,19,552,0
198323022,1983,23,22,468,12,442,2
198323023,1983,23,23,431,21,404,0
198323024,1983,23,24,469,11,444,1
198323025,1983,23,25,486,9,468,0
198323026,1983,23,26,420,22,383,1
198323027,1983,23,27,453,19,422,1
198323028,1983,23,28,476,17,445,0
198323029,1983,23,29,474,9,457,1
198323030,1983,23,30,525,13,502,0
198323031,1983,23,31,391,22,361,3
198323032,1983,23,32,538,39,490,1
198323033,1983,23,33,500,23,470,1
198323034,1983,23,34,371,4,353,1
198323035,1983,23,35,426,17,401,0
198323036,1983,23,36,453,17,425,0
198323037,1983,23,37,451,19,426,0
198323038,1983,23,38,511,18,484,2
198323039,1983,23,39,460,16,429,1
198323040,1983,23,40,568,21,534,2
198323041,1983,23,41,405,16,378,1
198323042,1983,23,42,456,15,427,1
198323043,1983,23,43,538,22,506,0
198323044,1983,23,44,349,17,324,1
198323045,1983,23,45,530,15,496,4
198323046,1983,23,46,455,17,429,0
198323047,1983,23,47,414,13,390,0
198323048,1983,23,48,388,12,366,0
198323049,1983,23,49,492,13,464,2
198323050,1983,23,50,406,27,365,2
198323051,1983,23,51,521,19,488,3
198323052,1983,23,52,430,21,397,1
198323053,1983,23,53,484,17,454,1
198323054,1983,23,54,477,16,445,3
198323055,1983,23,55,492,16,462,1
198323056,1983,23,56,443,21,411,2
198323057,1983,23,57,514,29,479,2
198323058,1983,23,58,377,12,357,1
198323059,1983,23,59,444,18,416,0
198323060,1983,23,60,393,27,364,0
198323061,1983,23,61,684,24,637,2
198323062,1983,23,62,516,17,493,1
198323063,1983,23,63,519,18,489,0
198323064,1983,23,64,429,17,399,0
198323065,1983,23,65,558,29,512,5
198323066,1983,23,66,432,8,414,0
198323067,1983,23,67,472,14,444,1
198323068,1983,23,68,544,25,498,6
198323069,1983,23,69,360,23,329,2
198323070,1983,23,70,439,17,407,3
198323071,1983,23,71,520,28,477,5
198323072,1983,23,72,453,17,425,2
198323073,1983,23,73,471,18,444,1
198323074,1983,23,74,473,22,445,0
198324001,1983,24,1,328,300,4,3
198324002,1983,24,2,419,404,5,1
198324003,1983,24,3,368,356,1,1
198324004,1983,24,4,422,399,1,1
198324005,1983,24,5,514,504,1,0
198324006,1983,24,6,457,427,2,1
198324007,1983,24,7,387,365,5,2
198324008,1983,24,8,445,427,2,1
198324009,1983,24,9,562,537,1,0
198324010,1983,24,10,399,362,5,0
198324011,1983,24,11,480,456,5,1
198324012,1983,24,12,348,320,1,0
198324013,1983,24,13,360,326,2,1
198324014,1983,24,14,500,455,2,1
198324015,1983,24,15,332,314,0,0
198324016,1983,24,16,412,396,0,1
198324017,1983,24,17,422,418,0,1
198324018,1983,24,18,417,392,2,2
198324019,1983,24,19,497,479,3,4
198324020,1983,24,20,498,467,5,3
198324021,1983,24,21,400,383,0,1
198324022,1983,24,22,387,368,0,0
198324023,1983,24,23,392,365,6,2
198324024,1983,24,24,394,376,0,0
198324025,1983,24,25,414,390,2,1
198324026,1983,24,26,612,585,3,3
198324027,1983,24,27,472,421,10,4
198324028,1983,24,28,412,398,4,0
198324029,1983,24,29,433,412,2,1
198324030,1983,24,30,288,273,1,0
198324031,1983,24,31,469,448,3,0
198324032,1983,24,32,375,356,3,2
198324033,1983,24,33,315,306,1,2
198324034,1983,24,34,341,318,2,2
198324035,1983,24,35,493,485,2,1
198324036,1983,24,36,378,370,1,2
198324037,1983,24,37,371,357,0,1
198324038,1983,24,38,437,414,1,0
198324039,1983,24,39,374,355,5,0
198324040,1983,24,40,379,358,1,0
198324041,1983,24,41,502,458,3,0
198324042,1983,24,42,423,396,2,1
198324043,1983,24,43,382,367,2,0
198324044,1983,24,44,402,383,4,1
198324045,1983,24,45,523,498,0,2
198324046,1983,24,46,566,545,4,2
198324047,1983,24,47,489,449,1,2
198324048,1983,24,48,405,386,6,1
198324049,1983,24,49,463,433,1,0
198324050,1983,24,50,502,488,1,1
198324051,1983,24,51,552,535,2,0
198324052,1983,24,52,537,507,0,0
198324053,1983,24,53,479,453,3,2
198324054,1983,24,54,462,445,1,0
198324055,1983,24,55,455,427,0,1
198324056,1983,24,56,525,512,0,1
198324057,1983,24,57,433,403,2,1
198324058,1983,24,58,492,463,2,1
198324059,1983,24,59,287,269,1,1
198325001,1983,25,1,246,44,194,0
198325002,1983,25,2,409,176,209,5
198325003,1983,25,3,263,102,146,2
198325004,1983,25,4,377,67,300,1
198325005,1983,25,5,241,49,187,1
198325006,1983,25,6,279,120,141,2
198325007,1983,25,7,478,222,227,5
198325008,1983,25,8,312,108,199,0
198325009,1983,25,9,427,400,15,2
198325010,1983,25,10,295,113,171,1
198325011,1983,25,11,374,130,224,2
198325012,1983,25,12,405,380,5,1
198325013,1983,25,13,363,104,240,2
198325014,1983,25,14,370,122,224,3
198325015,1983,25,15,282,66,209,1
198325016,1983,25,16,307,104,198,1
198325017,1983,25,17,458,451,3,0
198325018,1983,25,18,444,427,3,1
198325019,1983,25,19,266,60,195,1
198325020,1983,25,20,328,309,4,1
198325021,1983,25,21,247,223,11,1
198325022,1983,25,22,397,383,8,0
198325023,1983,25,23,251,81,135,2
198325024,1983,25,24,542,460,34,1
198325025,1983,25,25,310,188,104,3
198325026,1983,25,26,313,111,188,1
198325027,1983,25,27,287,95,170,2
198325028,1983,25,28,317,91,216,0
198325029,1983,25,29,317,79,228,0
198325030,1983,25,30,251,105,131,2
198325031,1983,25,31,289,113,159,2
198325032,1983,25,32,291,101,182,1
198325033,1983,25,33,248,80,152,0
198325034,1983,25,34,326,128,181,0
198325035,1983,25,35,386,15,341,0
198325036,1983,25,36,319,43,256,3
198325037,1983,25,37,334,31,291,1
198325038,1983,25,38,271,44,218,0
198326001,1983,26,1,394,173,198,0
198326002,1983,26,2,422,113,282,2
198326003,1983,26,3,374,23,337,2
198326004,1983,26,4,212,169,36,2
198326005,1983,26,5,416,141,246,2
198326006,1983,26,6,347,124,200,2
198326007,1983,26,7,428,75,336,5
198326008,1983,26,8,303,99,184,2
198326009,1983,26,9,301,153,133,0
198326010,1983,26,10,379,86,261,5
198326011,1983,26,11,369,128,226,2
198326012,1983,26,12,330,106,202,4
198326013,1983,26,13,354,80,257,0
198326014,1983,26,14,389,109,261,0
198326015,1983,26,15,385,239,122,5
198326016,1983,26,16,448,170,256,4
198326017,1983,26,17,394,54,321,4
198326018,1983,26,18,356,283,48,0
198326019,1983,26,19,337,253,57,2
198326020,1983,26,20,365,281,64,1
198326021,1983,26,21,309,165,117,1
198326022,1983,26,22,299,218,61,1
198326023,1983,26,23,332,130,166,5
198326024,1983,26,24,394,120,251,2
198326025,1983,26,25,273,167,97,0
198326026,1983,26,26,301,194,94,2
198326027,1983,26,27,317,93,218,2
198326028,1983,26,28,322,59,248,0
198326029,1983,26,29,310,224,65,2
198326030,1983,26,30,277,74,188,3
198326031,1983,26,31,427,129,270,1
198326032,1983,26,32,345,84,248,3
198326033,1983,26,33,367,202,145,1
198326034,1983,26,34,391,118,257,2
198326035,1983,26,35,329,220,89,2
198326036,1983,26,36,316,252,46,3
198326037,1983,26,37,324,235,66,3
198326038,1983,26,38,410,234,149,1
198326039,1983,26,39,355,88,240,0
198326040,1983,26,40,475,66,384,2
198326041,1983,26,41,384,97,273,0
198326042,1983,26,42,379,46,319,0
198326043,1983,26,43,478,227,214,3
198326044,1983,26,44,303,183,93,3
198326045,1983,26,45,496,223,248,3
198326046,1983,26,46,392,275,84,3
198326047,1983,26,47,312,222,60,2
198326048,1983,26,48,373,245,106,2
198327001,1983,27,1,554,515,9,0
198327002,1983,27,2,411,392,0,0
198327003,1983,27,3,226,208,11,0
198327004,1983,27,4,506,466,4,0
198327005,1983,27,5,339,317,1,2
198327006,1983,27,6,565,536,1,0
198327007,1983,27,7,397,353,11,2
198327008,1983,27,8,587,554,5,2
198327009,1983,27,9,465,437,0,2
198327010,1983,27,10,526,473,4,1
198327011,1983,27,11,506,485,3,1
198327012,1983,27,12,566,543,1,1
198327013,1983,27,13,335,293,3,2
198327014,1983,27,14,432,405,3,2
198327015,1983,27,15,524,473,38,1
198327016,1983,27,16,389,369,3,0
198327017,1983,27,17,208,146,37,0
198327018,1983,27,18,531,508,2,2
198327019,1983,27,19,569,538,3,1
198327020,1983,27,20,390,366,0,5
198327021,1983,27,21,512,476,7,1
198327022,1983,27,22,515,478,6,0
198327023,1983,27,23,325,271,33,1
198327024,1983,27,24,441,424,2,0
198327025,1983,27,25,453,430,1,0
198327026,1983,27,26,555,513,3,2
198327027,1983,27,27,405,381,3,1
198327028,1983,27,28,272,133,119,0
198327029,1983,27,29,449,363,60,1
198327030,1983,27,30,117,39,68,1
198327031,1983,27,31,414,393,3,0
198327032,1983,27,32,388,368,6,2
198327033,1983,27,33,309,284,3,1
198327034,1983,27,34,648,597,4,1
198327035,1983,27,35,492,465,4,2
198327036,1983,27,36,466,438,2,3
198327037,1983,27,37,200,64,112,2
198327038,1983,27,38,375,366,3,0
198327039,1983,27,39,405,395,2,0
198327040,1983,27,40,354,334,2,2
198327041,1983,27,41,559,520,3,2
198327042,1983,27,42,512,475,3,0
198327043,1983,27,43,500,478,6,2
198327044,1983,27,44,640,589,7,1
198327045,1983,27,45,569,547,4,1
198327046,1983,27,46,453,434,1,1
198327047,1983,27,47,601,560,5,1
198327048,1983,27,48,590,559,2,2
198327049,1983,27,49,498,480,4,0
198327050,1983,27,50,358,333,5,2
198327051,1983,27,51,398,37,345,0
198327052,1983,27,52,358,29,314,1
198327053,1983,27,53,386,76,296,1
198328001,1983,28,1,641,595,6,3
198328002,1983,28,2,538,516,4,1
198328003,1983,28,3,461,423,7,6
198328004,1983,28,4,450,419,1,3
198328005,1983,28,5,521,473,2,2
198328006,1983,28,6,448,422,1,1
198328007,1983,28,7,661,609,7,1
198328008,1983,28,8,424,397,0,3
198328009,1983,28,9,504,476,1,3
198328010,1983,28,10,472,444,2,1
198328011,1983,28,11,687,646,6,0
198328012,1983,28,12,458,434,12,1
198328013,1983,28,13,481,465,1,2
198328014,1983,28,14,461,445,0,1
198328015,1983,28,15,461,416,2,0
198328016,1983,28,16,469,441,1,5
198328017,1983,28,17,560,538,2,3
198328018,1983,28,18,519,494,0,7
198328019,1983,28,19,454,408,21,1
198328020,1983,28,20,513,471,3,2
198328021,1983,28,21,320,306,0,2
198328022,1983,28,22,318,301,5,2
198328023,1983,28,23,356,343,0,2
198328024,1983,28,24,442,411,11,1
198328025,1983,28,25,420,403,2,2
198328026,1983,28,26,649,618,4,3
198328027,1983,28,27,469,439,2,4
198328028,1983,28,28,412,386,3,3
198328029,1983,28,29,639,605,2,0
198328030,1983,28,30,385,357,12,0
198328031,1983,28,31,552,519,3,1
198328032,1983,28,32,398,348,22,2
198328033,1983,28,33,483,448,2,0
198328034,1983,28,34,330,311,3,2
198328035,1983,28,35,504,480,1,4
198328036,1983,28,36,651,609,6,1
198328037,1983,28,37,333,300,9,4
198328038,1983,28,38,607,576,8,2
198328039,1983,28,39,655,587,7,2
198328040,1983,28,40,396,379,1,1
198328041,1983,28,41,367,340,5,1
198328042,1983,28,42,334,323,4,0
198328043,1983,28,43,297,280,1,0
198328044,1983,28,44,466,435,16,3
198328045,1983,28,45,415,389,1,1
198328046,1983,28,46,531,498,4,3
198328047,1983,28,47,242,230,2,2
198328048,1983,28,48,577,539,1,3
198328049,1983,28,49,482,449,1,5
198328050,1983,28,50,222,206,4,0
198328051,1983,28,51,419,388,3,1
198329001,1983,29,1,478,470,0,2
198329002,1983,29,2,563,549,5,0
198329003,1983,29,3,387,373,3,1
198329004,1983,29,4,450,289,141,3
198329005,1983,29,5,515,480,21,2
198329006,1983,29,6,639,603,2,2
198329007,1983,29,7,403,390,3,2
198329008,1983,29,8,330,287,38,0
198329009,1983,29,9,605,551,12,3
198329010,1983,29,10,574,525,3,1
198329011,1983,29,11,465,447,2,2
198329012,1983,29,12,582,538,18,2
198329013,1983,29,13,611,568,27,0
198329014,1983,29,14,518,502,3,4
198329015,1983,29,15,514,480,12,1
198329016,1983,29,16,598,566,4,1
198329017,1983,29,17,421,405,2,1
198329018,1983,29,18,407,395,4,0
198329019,1983,29,19,426,411,2,1
198329020,1983,29,20,508,470,9,0
198329021,1983,29,21,452,430,0,0
198329022,1983,29,22,304,23,273,1
198329023,1983,29,23,592,565,3,2
198329024,1983,29,24,572,543,1,1
198329025,1983,29,25,548,509,7,0
198329026,1983,29,26,488,444,1,1
198329027,1983,29,27,530,498,1,0
198329028,1983,29,28,562,537,14,2
198329029,1983,29,29,546,492,7,0
198329030,1983,29,30,496,473,7,0
198329031,1983,29,31,538,499,5,0
198329032,1983,29,32,522,504,1,0
198329033,1983,29,33,429,402,22,0
198329034,1983,29,34,276,27,243,0
198329035,1983,29,35,614,577,8,1
198329036,1983,29,36,290,22,260,1
198329037,1983,29,37,473,436,31,1
198329038,1983,29,38,429,406,3,0
198329039,1983,29,39,485,456,2,0
198329040,1983,29,40,324,251,64,0
198329041,1983,29,41,354,249,97,0
198329042,1983,29,42,458,444,1,0
198329043,1983,29,43,379,261,103,2
198329044,1983,29,44,470,444,10,0
198329045,1983,29,45,617,561,39,2
198330001,1983,30,1,501,51,443,2
198330002,1983,30,2,361,38,318,2
198330003,1983,30,3,359,29,324,2
198330004,1983,30,4,473,51,415,0
198330005,1983,30,5,442,37,393,0
198330006,1983,30,6,446,41,395,2
198330007,1983,30,7,357,11,339,0
198330008,1983,30,8,448,42,394,1
198330009,1983,30,9,445,28,406,0
198330010,1983,30,10,432,68,342,1
198330011,1983,30,11,442,78,347,0
198330012,1983,30,12,496,92,378,0
198330013,1983,30,13,406,56,342,1
198330014,1983,30,14,296,13,267,1
198330015,1983,30,15,459,37,403,3
198330016,1983,30,16,363,27,333,1
198330017,1983,30,17,388,26,357,0
198330018,1983,30,18,415,29,378,0
198330019,1983,30,19,432,19,403,1
198330020,1983,30,20,434,30,397,0
198330021,1983,30,21,378,34,340,1
198330022,1983,30,22,330,30,290,1
198330023,1983,30,23,321,35,278,0
198330024,1983,30,24,432,88,331,0
198330025,1983,30,25,404,94,300,2
198330026,1983,30,26,286,18,257,2
198330027,1983,30,27,462,15,430,0
198330028,1983,30,28,396,30,362,0
198330029,1983,30,29,382,30,345,0
198330030,1983,30,30,466,48,415,0
198330031,1983,30,31,417,46,364,0
198330032,1983,30,32,379,34,332,4
198330033,1983,30,33,452,29,410,1
198330034,1983,30,34,443,27,409,1
198330035,1983,30,35,354,108,233,0
198330036,1983,30,36,420,83,328,2
198330037,1983,30,37,469,97,357,2
198330038,1983,30,38,395,62,316,2
198330039,1983,30,39,282,21,251,2
198330040,1983,30,40,288,45,234,2
198330041,1983,30,41,406,31,369,0
198330042,1983,30,42,297,52,237,0
198330043,1983,30,43,439,27,397,2
198330044,1983,30,44,252,37,202,2
198330045,1983,30,45,459,88,348,7
198330046,1983,30,46,318,111,199,1
198330047,1983,30,47,445,205,216,1
198330048,1983,30,48,480,41,427,1
198330049,1983,30,49,470,16,445,1
198330050,1983,30,50,469,15,440,1
198330051,1983,30,51,482,73,398,3
198330052,1983,30,52,447,30,400,0
198330053,1983,30,53,326,24,293,2
198330054,1983,30,54,487,23,444,2
198330055,1983,30,55,438,108,312,2
198330056,1983,30,56,315,13,283,1
198330057,1983,30,57,317,16,289,1
198330058,1983,30,58,382,113,248,2
198330059,1983,30,59,300,42,250,0
198330060,1983,30,60,435,85,332,0
198330061,1983,30,61,482,106,362,4
198331001,1983,31,1,358,191,153,1
198331002,1983,31,2,453,330,101,1
198331003,1983,31,3,305,152,137,2
198331004,1983,31,4,345,169,164,0
198331005,1983,31,5,378,228,129,0
198331006,1983,31,6,378,209,153,5
198331007,1983,31,7,375,211,146,4
198331008,1983,31,8,315,260,43,1
198331009,1983,31,9,455,323,105,1
198331010,1983,31,10,373,266,90,1
198331011,1983,31,11,356,276,49,0
198331012,1983,31,12,334,258,56,2
198331013,1983,31,13,350,184,144,1
198331014,1983,31,14,361,183,161,2
198331015,1983,31,15,299,168,107,1
198331016,1983,31,16,292,227,42,2
198331017,1983,31,17,516,445,47,3
198331018,1983,31,18,316,131,167,1
198331019,1983,31,19,335,179,148,1
198331020,1983,31,20,439,252,160,0
198331021,1983,31,21,312,187,104,3
198331022,1983,31,22,400,141,241,1
198331023,1983,31,23,406,178,206,2
198331024,1983,31,24,316,269,37,0
198331025,1983,31,25,338,293,31,1
198331026,1983,31,26,314,130,167,2
198331027,1983,31,27,569,232,306,4
198331028,1983,31,28,257,194,32,0
198331029,1983,31,29,318,208,88,1
198331030,1983,31,30,374,58,301,4
198331031,1983,31,31,363,208,132,1
198331032,1983,31,32,161,116,39,2
198331033,1983,31,33,380,83,280,0
198331034,1983,31,34,451,363,65,2
198331035,1983,31,35,355,189,155,2
198331036,1983,31,36,507,317,162,1
198331037,1983,31,37,315,243,62,0
198331038,1983,31,38,327,185,129,0
198331039,1983,31,39,374,156,193,3
198331040,1983,31,40,398,219,162,1
198331041,1983,31,41,372,160,187,7
198331042,1983,31,42,385,80,296,2
198331043,1983,31,43,421,247,148,1
198331044,1983,31,44,366,240,110,2
198331045,1983,31,45,382,158,205,1
198331046,1983,31,46,654,360,256,4
198332001,1983,32,1,353,236,109,4
198332002,1983,32,2,527,280,220,4
198332003,1983,32,3,366,245,89,3
198332004,1983,32,4,357,130,217,0
198332005,1983,32,5,341,137,189,3
198332006,1983,32,6,210,82,120,0
198332007,1983,32,7,300,183,103,2
198332008,1983,32,8,377,199,148,1
198332009,1983,32,9,418,125,274,2
198332010,1983,32,10,663,632,5,0
198332011,1983,32,11,349,103,236,3
198332012,1983,32,12,484,282,163,1
198332013,1983,32,13,195,63,130,0
198332014,1983,32,14,417,206,194,2
198332015,1983,32,15,394,100,283,2
198332016,1983,32,16,336,83,241,2
198332017,1983,32,17,455,339,88,3
198332018,1983,32,18,380,266,95,0
198332019,1983,32,19,642,484,127,3
198332020,1983,32,20,335,81,246,0
198332021,1983,32,21,356,159,168,3
198332022,1983,32,22,552,90,431,1
198332023,1983,32,23,418,294,96,2
198332024,1983,32,24,354,92,255,1
198332025,1983,32,25,322,155,145,3
198332026,1983,32,26,346,223,106,1
198332027,1983,32,27,315,66,230,4
198332028,1983,32,28,298,81,201,1
198332029,1983,32,29,406,120,268,0
198332030,1983,32,30,475,120,323,3
198332031,1983,32,31,584,175,387,5
198332032,1983,32,32,356,92,251,3
198332033,1983,32,33,425,151,251,3
198332034,1983,32,34,301,136,141,1
198332035,1983,32,35,518,156,344,0
198332036,1983,32,36,355,110,214,3
198332037,1983,32,37,485,170,296,1
198332038,1983,32,38,329,95,222,0
198332039,1983,32,39,331,75,233,1
198332040,1983,32,40,565,124,412,6
198332041,1983,32,41,271,74,187,1
198332042,1983,32,42,325,92,224,2
198332043,1983,32,43,313,125,179,3
198332044,1983,32,44,366,106,240,3
198332045,1983,32,45,415,104,304,0
198332046,1983,32,46,524,142,351,1
198332047,1983,32,47,338,148,171,1
198332048,1983,32,48,509,377,102,3
198332049,1983,32,49,370,86,263,5
198332050,1983,32,50,338,72,243,2
198333001,1983,33,1,522,57,450,6
198333002,1983,33,2,503,72,411,3
198333003,1983,33,3,354,242,90,5
198333004,1983,33,4,483,59,408,1
198333005,1983,33,5,463,143,298,6
198333006,1983,33,6,593,78,493,0
198333007,1983,33,7,468,151,296,1
198333008,1983,33,8,414,146,235,5
198333009,1983,33,9,439,114,304,0
198333010,1983,33,10,398,156,229,0
198333011,1983,33,11,390,78,298,1
198333012,1983,33,12,520,333,152,1
198333013,1983,33,13,336,82,242,1
198333014,1983,33,14,325,57,256,1
198333015,1983,33,15,296,90,188,3
198333016,1983,33,16,356,138,198,1
198333017,1983,33,17,445,140,294,2
198333018,1983,33,18,390,95,282,1
198333019,1983,33,19,408,98,294,2
198333020,1983,33,20,348,145,196,3
198333021,1983,33,21,453,182,259,0
198333022,1983,33,22,418,57,348,0
198333023,1983,33,23,328,124,197,2
198333024,1983,33,24,434,162,246,2
198333025,1983,33,25,417,175,239,2
198333026,1983,33,26,426,122,284,2
198333027,1983,33,27,440,157,265,1
198333028,1983,33,28,423,187,206,4
198333029,1983,33,29,442,215,203,4
198333030,1983,33,30,403,259,122,3
198333031,1983,33,31,493,261,206,3
198333032,1983,33,32,255,90,149,4
198333033,1983,33,33,509,185,300,3
198333034,1983,33,34,318,182,119,6
198333035,1983,33,35,463,200,221,3
198333036,1983,33,36,538,211,306,5
198333037,1983,33,37,537,295,225,1
198333038,1983,33,38,415,242,152,2
198333039,1983,33,39,373,105,243,3
198333040,1983,33,40,458,225,198,1
198333041,1983,33,41,377,168,190,1
198333042,1983,33,42,388,161,208,1
198333043,1983,33,43,424,257,154,3
198333044,1983,33,44,173,62,105,1
198333045,1983,33,45,259,73,174,1
198333046,1983,33,46,455,78,364,0
198334001,1983,34,1,429,415,4,0
198334002,1983,34,2,410,400,3,0
198334003,1983,34,3,399,388,0,1
198334004,1983,34,4,551,533,4,1
198334005,1983,34,5,545,513,7,1
198334006,1983,34,6,495,474,2,2
198334007,1983,34,7,561,532,4,1
198334008,1983,34,8,545,531,2,0
198334009,1983,34,9,666,643,6,1
198334010,1983,34,10,641,625,5,0
198334011,1983,34,11,518,485,2,1
198334012,1983,34,12,547,527,3,2
198334013,1983,34,13,572,547,7,1
198334014,1983,34,14,723,701,13,2
198334015,1983,34,15,662,628,7,2
198334016,1983,34,16,464,434,10,0
198334017,1983,34,17,277,259,7,0
198334018,1983,34,18,621,591,4,0
198334019,1983,34,19,660,618,3,0
198334020,1983,34,20,573,554,4,0
198334021,1983,34,21,580,557,3,0
198334022,1983,34,22,636,618,9,1
198334023,1983,34,23,679,646,14,1
198334024,1983,34,24,643,624,3,1
198334025,1983,34,25,521,508,4,0
198334026,1983,34,26,631,606,4,0
198334027,1983,34,27,490,464,2,0
198334028,1983,34,28,700,657,3,0
198334029,1983,34,29,599,587,4,0
198334030,1983,34,30,553,528,7,0
198334031,1983,34,31,482,464,3,1
198334032,1983,34,32,602,590,3,0
198334033,1983,34,33,494,479,0,2
198334034,1983,34,34,442,429,1,0
198334035,1983,34,35,459,437,2,0
198334036,1983,34,36,620,593,6,2
198334037,1983,34,37,570,550,9,1
198334038,1983,34,38,551,529,1,0
198334039,1983,34,39,615,585,10,2
198334040,1983,34,40,543,479,54,0
198334041,1983,34,41,639,609,8,1
198334042,1983,34,42,545,532,3,0
198334043,1983,34,43,579,567,1,0
198334044,1983,34,44,512,489,1,0
198334045,1983,34,45,485,460,4,2
198334046,1983,34,46,386,379,2,0
198334047,1983,34,47,402,382,0,0
198334048,1983,34,48,659,644,5,1
198334049,1983,34,49,523,520,0,0
198334050,1983,34,50,464,458,2,0
198334051,1983,34,51,650,581,52,0
198334052,1983,34,52,603,581,3,0
198334053,1983,34,53,593,564,11,0
198334054,1983,34,54,679,659,4,1
198334055,1983,34,55,637,601,1,1
198335001,1983,35,1,554,62,479,2
198335002,1983,35,2,383,50,321,3
198335003,1983,35,3,403,37,353,0
198335004,1983,35,4,576,103,458,3
198335005,1983,35,5,403,45,346,0
198335006,1983,35,6,514,50,446,5
198335007,1983,35,7,319,27,281,1
198335008,1983,35,8,373,32,326,1
198335009,1983,35,9,404,164,223,1
198335010,1983,35,10,427,58,361,2
198335011,1983,35,11,332,44,279,0
198335012,1983,35,12,355,52,285,3
198335013,1983,35,13,532,101,413,0
198335014,1983,35,14,466,59,400,0
198335015,1983,35,15,497,47,431,0
198335016,1983,35,16,332,31,285,3
198335017,1983,35,17,473,53,415,1
198335018,1983,35,18,332,20,293,3
198335019,1983,35,19,394,24,355,0
198335020,1983,35,20,460,56,389,0
198335021,1983,35,21,490,48,425,1
198335022,1983,35,22,473,48,412,3
198335023,1983,35,23,401,36,344,2
198335024,1983,35,24,357,209,123,4
198335025,1983,35,25,454,33,422,1
198335026,1983,35,26,419,36,369,1
198335027,1983,35,27,482,41,429,0
198335028,1983,35,28,474,52,401,2
198335029,1983,35,29,476,68,381,5
198335030,1983,35,30,527,250,261,3
198335031,1983,35,31,443,136,292,2
198335032,1983,35,32,465,67,386,1
198335033,1983,35,33,416,62,335,3
198335034,1983,35,34,341,85,248,0
198335035,1983,35,35,387,30,344,2
198335036,1983,35,36,114,15,94,1
198335037,1983,35,37,457,35,408,0
198335038,1983,35,38,418,38,371,1
198335039,1983,35,39,452,50,387,1
198335040,1983,35,40,413,53,348,0
198335041,1983,35,41,509,50,446,2
198335042,1983,35,42,433,67,346,1
198335043,1983,35,43,450,47,391,1
198335044,1983,35,44,477,54,407,2
198335045,1983,35,45,493,54,429,2
198335046,1983,35,46,399,187,201,2
198335047,1983,35,47,429,105,304,2
198335048,1983,35,48,508,59,430,1
198335049,1983,35,49,390,57,316,2
198335050,1983,35,50,402,50,331,5
198335051,1983,35,51,426,54,359,1
198335052,1983,35,52,438,57,367,3
198335053,1983,35,53,494,64,412,0
198336001,1983,36,1,448,18,398,2
198336002,1983,36,2,442,31,397,2
198336003,1983,36,3,402,22,365,4
198336004,1983,36,4,394,19,363,2
198336005,1983,36,5,358,13,335,0
198336006,1983,36,6,325,23,292,0
198336007,1983,36,7,430,17,404,2
198336008,1983,36,8,466,17,437,5
198336009,1983,36,9,515,12,498,1
198336010,1983,36,10,555,24,511,3
198336011,1983,36,11,391,18,363,0
198336012,1983,36,12,486,24,451,2
198336013,1983,36,13,345,13,322,0
198336014,1983,36,14,520,21,487,0
198336015,1983,36,15,364,16,341,0
198336016,1983,36,16,404,12,384,1
198336017,1983,36,17,333,13,308,3
198336018,1983,36,18,288,25,255,2
198336019,1983,36,19,561,21,527,1
198336020,1983,36,20,595,26,549,0
198336021,1983,36,21,497,31,457,0
198336022,1983,36,22,690,32,646,1
198336023,1983,36,23,416,12,399,1
198336024,1983,36,24,467,25,432,2
198336025,1983,36,25,357,23,329,0
198336026,1983,36,26,478,29,440,1
198336027,1983,36,27,456,15,420,1
198336028,1983,36,28,434,22,397,1
198336029,1983,36,29,503,31,460,2
198336030,1983,36,30,437,22,411,0
198336031,1983,36,31,481,22,435,2
198336032,1983,36,32,512,41,454,5
198336033,1983,36,33,526,10,501,1
198336034,1983,36,34,442,17,414,0
198336035,1983,36,35,508,18,479,1
198336036,1983,36,36,452,15,428,2
198336037,1983,36,37,524,29,479,1
198336038,1983,36,38,405,22,377,1
198336039,1983,36,39,529,31,482,0
198336040,1983,36,40,463,23,425,1
198336041,1983,36,41,453,17,418,3
198336042,1983,36,42,364,9,346,1
198336043,1983,36,43,425,35,373,2
198336044,1983,36,44,454,19,426,1
198336045,1983,36,45,565,22,523,1
198336046,1983,36,46,336,11,316,0
198336047,1983,36,47,382,29,344,1
198336048,1983,36,48,503,16,476,3
198336049,1983,36,49,501,12,484,1
198336050,1983,36,50,713,21,675,4
198336051,1983,36,51,532,17,512,0
198336052,1983,36,52,484,27,444,1
198336053,1983,36,53,439,31,403,1
198336054,1983,36,54,447,19,417,3
198336055,1983,36,55,441,28,396,0
198336056,1983,36,56,378,20,350,0
198336057,1983,36,57,419,39,373,2
198336058,1983,36,58,436,26,398,2
198336059,1983,36,59,432,18,404,0
198336060,1983,36,60,488,25,450,0
198336061,1983,36,61,520,17,493,1
198336062,1983,36,62,452,19,425,1
198336063,1983,36,63,449,23,414,0
198336064,1983,36,64,519,18,491,1
198336065,1983,36,65,412,20,370,0
198336066,1983,36,66,278,16,254,0
198336067,1983,36,67,428,25,394,0
198336068,1983,36,68,504,25,465,3
198336069,1983,36,69,402,21,372,0
198336070,1983,36,70,421,16,398,2
198336071,1983,36,71,420,22,388,1
198336072,1983,36,72,456,50,380,3
198336073,1983,36,73,512,24,474,2
198336074,1983,36,74,403,16,376,2
198336075,1983,36,75,435,14,415,0
198336076,1983,36,76,485,25,455,0
198337001,1983,37,1,397,378,0,1
198337002,1983,37,2,281,111,153,1
198337003,1983,37,3,397,271,116,2
198337004,1983,37,4,425,330,75,2
198337005,1983,37,5,553,521,5,1
198337006,1983,37,6,339,296,36,0
198337007,1983,37,7,477,456,14,1
198337008,1983,37,8,384,327,40,0
198337009,1983,37,9,375,323,43,0
198337010,1983,37,10,400,377,2,0
198337011,1983,37,11,522,505,1,0
198337012,1983,37,12,357,350,0,1
198337013,1983,37,13,621,587,10,2
198337014,1983,37,14,556,523,14,1
198337015,1983,37,15,189,175,5,0
198337016,1983,37,16,454,431,3,1
198337017,1983,37,17,326,75,238,1
198337018,1983,37,18,577,538,24,0
198337019,1983,37,19,431,23,396,2
198337020,1983,37,20,713,670,11,2
198337021,1983,37,21,571,539,7,1
198337022,1983,37,22,535,496,8,0
198337023,1983,37,23,674,629,21,0
198337024,1983,37,24,364,107,244,2
198337025,1983,37,25,662,607,27,1
198337026,1983,37,26,575,534,8,1
198337027,1983,37,27,452,431,4,1
198337028,1983,37,28,383,248,118,2
198337029,1983,37,29,468,83,358,3
198337030,1983,37,30,310,50,249,2
198337031,1983,37,31,625,488,117,2
198337032,1983,37,32,560,543,3,3
198337033,1983,37,33,710,675,21,1
198337034,1983,37,34,446,90,334,2
198337035,1983,37,35,368,95,256,3
198337036,1983,37,36,515,497,6,1
198337037,1983,37,37,558,523,1,0
198337038,1983,37,38,335,76,244,2
198337039,1983,37,39,508,483,9,0
198337040,1983,37,40,428,411,7,1
198337041,1983,37,41,411,351,49,1
198337042,1983,37,42,440,25,406,3
198338001,1983,38,1,468,15,441,2
198338002,1983,38,2,522,22,481,2
198338003,1983,38,3,521,20,485,1
198338004,1983,38,4,486,16,456,0
198338005,1983,38,5,499,27,459,2
198338006,1983,38,6,451,20,420,1
198338007,1983,38,7,589,24,548,4
198338008,1983,38,8,477,23,446,2
198338009,1983,38,9,494,11,469,2
198338010,1983,38,10,605,26,567,1
198338011,1983,38,11,501,21,466,2
198338012,1983,38,12,553,31,509,1
198338013,1983,38,13,412,11,391,0
198338014,1983,38,14,610,34,558,2
198338015,1983,38,15,454,20,428,1
198338016,1983,38,16,427,21,391,3
198338017,1983,38,17,444,29,402,1
198338018,1983,38,18,552,36,503,3
198338019,1983,38,19,539,28,489,1
198338020,1983,38,20,471,17,443,0
198338021,1983,38,21,434,32,389,0
198338022,1983,38,22,417,15,394,1
198338023,1983,38,23,500,38,453,0
198338024,1983,38,24,567,32,521,1
198338025,1983,38,25,472,24,440,2
198338026,1983,38,26,402,28,365,0
198338027,1983,38,27,484,16,456,0
198338028,1983,38,28,618,31,562,6
198338029,1983,38,29,433,23,400,4
198338030,1983,38,30,495,26,459,4
198338031,1983,38,31,573,37,522,1
198338032,1983,38,32,497,26,454,1
198338033,1983,38,33,506,23,471,0
198338034,1983,38,34,611,51,544,5
198338035,1983,38,35,517,27,475,1
198338036,1983,38,36,496,43,442,3
198338037,1983,38,37,569,29,527,0
198338038,1983,38,38,622,40,570,2
198338039,1983,38,39,560,45,494,2
198338040,1983,38,40,527,44,468,1
198338041,1983,38,41,505,39,455,1
198338042,1983,38,42,419,16,396,3
198338043,1983,38,43,521,20,489,3
198338044,1983,38,44,528,21,500,1
198338045,1983,38,45,437,30,395,2
198338046,1983,38,46,474,24,440,1
198338047,1983,38,47,537,35,492,1
198338048,1983,38,48,450,30,408,1
198338049,1983,38,49,489,34,446,2
198338050,1983,38,50,476,35,422,4
198338051,1983,38,51,453,34,408,0
198338052,1983,38,52,492,30,442,3
198338053,1983,38,53,431,39,381,2
198338054,1983,38,54,439,26,409,1
198338055,1983,38,55,523,32,484,2
198338056,1983,38,56,465,27,430,0
198338057,1983,38,57,543,36,495,1
198338058,1983,38,58,513,38,455,0
198338059,1983,38,59,516,17,484,1
198338060,1983,38,60,527,34,483,1
198338061,1983,38,61,550,35,502,2
198338062,1983,38,62,466,22,424,2
198338063,1983,38,63,429,32,479,2
198338064,1983,38,64,572,40,508,0
198338065,1983,38,65,429,18,400,0
198338066,1983,38,66,507,32,464,2
198338067,1983,38,67,524,23,491,1
198339001,1983,39,1,384,27,351,1
198339002,1983,39,2,243,21,214,0
198339003,1983,39,3,375,29,339,2
198339004,1983,39,4,371,19,344,1
198339005,1983,39,5,434,32,393,2
198339006,1983,39,6,392,30,350,2
198339007,1983,39,7,414,38,369,0
198339008,1983,39,8,503,33,459,1
198339009,1983,39,9,304,36,262,2
198339010,1983,39,10,542,78,451,5
198339011,1983,39,11,456,35,415,1
198339012,1983,39,12,416,98,305,1
198339013,1983,39,13,415,91,314,1
198339014,1983,39,14,317,92,219,1
198339015,1983,39,15,343,34,282,6
198339016,1983,39,16,490,72,408,2
198339017,1983,39,17,478,55,408,3
198339018,1983,39,18,478,74,393,1
198339019,1983,39,19,409,39,357,2
198339020,1983,39,20,376,30,334,3
198339021,1983,39,21,448,26,409,1
198339022,1983,39,22,444,63,373,1
198339023,1983,39,23,484,42,438,2
198339024,1983,39,24,433,45,371,1
198339025,1983,39,25,337,78,249,3
198339026,1983,39,26,505,26,469,0
198339027,1983,39,27,357,84,256,2
198339028,1983,39,28,488,38,445,0
198339029,1983,39,29,418,109,297,1
198339030,1983,39,30,388,69,311,0
198339031,1983,39,31,409,30,367,2
198339032,1983,39,32,584,48,522,0
198339033,1983,39,33,426,91,313,4
198339034,1983,39,34,417,33,372,0
198339035,1983,39,35,346,59,279,3
198339036,1983,39,36,532,40,473,6
198339037,1983,39,37,397,35,354,0
198339038,1983,39,38,542,37,490,2
198339039,1983,39,39,277,27,246,0
198339040,1983,39,40,417,19,389,1
198339041,1983,39,41,408,36,356,4
198339042,1983,39,42,383,83,280,3
198339043,1983,39,43,478,40,433,0
198339044,1983,39,44,419,95,297,1
198339045,1983,39,45,415,80,312,1
198339046,1983,39,46,589,66,505,4
198339047,1983,39,47,376,28,341,0
198339048,1983,39,48,426,40,370,0
198339049,1983,39,49,478,107,361,0
198339050,1983,39,50,513,28,482,0
198339051,1983,39,51,431,89,326,1
198339052,1983,39,52,550,34,502,2
198339053,1983,39,53,276,51,219,0
198339054,1983,39,54,441,55,375,1
198339055,1983,39,55,377,17,349,1
198339056,1983,39,56,383,103,269,3
198339057,1983,39,57,337,39,290,2
198339058,1983,39,58,327,67,248,1
198339059,1983,39,59,396,28,363,1
198339060,1983,39,60,468,20,442,1
198339061,1983,39,61,437,25,403,0
198339062,1983,39,62,282,34,246,0
198340001,1983,40,1,372,46,317,3
198340002,1983,40,2,484,61,408,3
198340003,1983,40,3,454,112,330,3
198340004,1983,40,4,439,65,361,2
198340005,1983,40,5,466,58,383,6
198340006,1983,40,6,514,67,429,0
198340007,1983,40,7,246,34,198,1
198340008,1983,40,8,364,67,289,0
198340009,1983,40,9,438,95,331,1
198340010,1983,40,10,504,49,438,3
198340011,1983,40,11,457,101,340,1
198340012,1983,40,12,336,112,211,2
198340013,1983,40,13,329,52,268,2
198340014,1983,40,14,543,85,439,0
198340015,1983,40,15,504,54,428,1
198340016,1983,40,16,351,43,297,1
198340017,1983,40,17,296,37,247,4
198340018,1983,40,18,370,138,212,7
198340019,1983,40,19,314,36,262,1
198340020,1983,40,20,527,78,437,1
198340021,1983,40,21,472,54,404,1
198340022,1983,40,22,461,47,385,3
198340023,1983,40,23,499,102,383,1
198340024,1983,40,24,269,31,225,3
198340025,1983,40,25,511,60,441,2
198340026,1983,40,26,318,24,278,0
198340027,1983,40,27,424,44,354,1
198340028,1983,40,28,483,109,361,2
198340029,1983,40,29,474,52,409,3
198340030,1983,40,30,518,81,418,2
198340031,1983,40,31,306,36,264,0
198340032,1983,40,32,497,81,400,1
198340033,1983,40,33,485,88,375,2
198340034,1983,40,34,358,63,287,2
198340035,1983,40,35,481,87,388,0
198340036,1983,40,36,525,66,442,1
198340037,1983,40,37,316,61,253,1
198340038,1983,40,38,363,34,313,0
198340039,1983,40,39,378,47,314,2
198340040,1983,40,40,421,67,345,0
198340041,1983,40,41,488,95,376,1
198340042,1983,40,42,520,68,433,2
198340043,1983,40,43,392,71,301,0
198340044,1983,40,44,396,73,316,2
198340045,1983,40,45,532,80,430,1
198340046,1983,40,46,592,128,435,3
198340047,1983,40,47,177,66,107,0
198340048,1983,40,48,421,108,296,6
198340049,1983,40,49,541,92,433,1
198340050,1983,40,50,470,63,374,5
198340051,1983,40,51,491,46,424,0
198340052,1983,40,52,431,144,268,1
198340053,1983,40,53,486,114,345,0
198341001,1983,41,1,531,27,495,1
198341002,1983,41,2,488,32,446,1
198341003,1983,41,3,491,33,452,0
198341004,1983,41,4,420,31,382,1
198341005,1983,41,5,492,40,438,1
198341006,1983,41,6,490,28,451,4
198341007,1983,41,7,490,34,452,1
198341008,1983,41,8,479,36,435,0
198341009,1983,41,9,404,25,370,2
198341010,1983,41,10,402,33,360,0
198341011,1983,41,11,396,21,371,0
198341012,1983,41,12,451,18,424,2
198341013,1983,41,13,385,14,360,0
198341014,1983,41,14,553,58,482,1
198341015,1983,41,15,449,22,417,1
198341016,1983,41,16,420,33,374,2
198341017,1983,41,17,467,53,406,0
198341018,1983,41,18,434,32,388,0
198341019,1983,41,19,498,60,423,1
198341020,1983,41,20,577,36,523,1
198341021,1983,41,21,426,12,403,0
198341022,1983,41,22,396,33,354,2
198341023,1983,41,23,463,30,426,1
198341024,1983,41,24,413,18,386,0
198341025,1983,41,25,457,29,417,1
198341026,1983,41,26,442,10,428,1
198341027,1983,41,27,576,31,532,3
198341028,1983,41,28,403,26,367,0
198341029,1983,41,29,322,31,286,0
198341030,1983,41,30,474,26,439,0
198341031,1983,41,31,438,18,415,0
198341032,1983,41,32,500,19,472,0
198341033,1983,41,33,414,22,389,1
198341034,1983,41,34,451,26,415,0
198341035,1983,41,35,405,25,377,0
198341036,1983,41,36,526,16,501,1
198341037,1983,41,37,410,26,379,1
198341038,1983,41,38,556,42,498,1
198341039,1983,41,39,263,58,201,0
198341040,1983,41,40,479,27,439,1
198341041,1983,41,41,477,20,446,4
198341042,1983,41,42,571,36,528,1
198341043,1983,41,43,466,31,418,1
198341044,1983,41,44,457,32,421,0
198341045,1983,41,45,269,17,246,0
198341046,1983,41,46,526,21,489,0
198341047,1983,41,47,444,32,408,0
198341048,1983,41,48,514,30,475,0
198341049,1983,41,49,386,22,359,0
198341050,1983,41,50,446,35,397,1
198341051,1983,41,51,456,26,424,1
198341052,1983,41,52,526,37,488,0
198341053,1983,41,53,529,15,497,3
198341054,1983,41,54,538,53,469,2
198341055,1983,41,55,520,29,487,0
198341056,1983,41,56,442,31,399,0
198341057,1983,41,57,510,24,473,1
198341058,1983,41,58,425,28,393,1
198341059,1983,41,59,525,29,485,4
198341060,1983,41,60,551,9,524,0
198341061,1983,41,61,408,14,387,2
198341062,1983,41,62,523,31,475,4
198341063,1983,41,63,539,26,496,2
198341064,1983,41,64,510,43,456,3
198341065,1983,41,65,540,36,496,0
198341066,1983,41,66,545,25,512,1
198341067,1983,41,67,532,32,494,1
198341068,1983,41,68,447,45,395,1
198341069,1983,41,69,411,34,366,2
198341070,1983,41,70,444,34,405,0
198341071,1983,41,71,367,25,332,1
198341072,1983,41,72,386,28,349,0
198341073,1983,41,73,407,22,375,1
198341074,1983,41,74,488,37,443,1
198341075,1983,41,75,422,34,384,0
198341076,1983,41,76,406,113,285,1
198341077,1983,41,77,435,30,400,1
198341078,1983,41,78,309,23,276,3
198342001,1983,42,1,341,71,260,0
198342002,1983,42,2,561,210,350,0
198342003,1983,42,3,511,149,351,0
198342004,1983,42,4,541,523,1,1
198342005,1983,42,5,444,99,342,1
198342006,1983,42,6,715,669,4,0
198342007,1983,42,7,295,59,228,1
198342008,1983,42,8,437,126,300,3
198342009,1983,42,9,474,446,6,2
198342010,1983,42,10,727,696,2,1
198342011,1983,42,11,646,134,495,1
198342012,1983,42,12,469,440,1,0
198342013,1983,42,13,289,106,166,3
198342014,1983,42,14,420,390,10,0
198342015,1983,42,15,571,147,415,0
198342016,1983,42,16,381,137,233,0
198342017,1983,42,17,285,113,161,1
198342018,1983,42,18,431,261,142,2
198342019,1983,42,19,554,187,359,0
198342020,1983,42,20,292,118,163,2
198342021,1983,42,21,585,550,2,4
198342022,1983,42,22,403,138,251,1
198342023,1983,42,23,499,126,367,0
198342024,1983,42,24,371,80,283,1
198342025,1983,42,25,334,62,265,1
198342026,1983,42,26,266,44,211,1
198342027,1983,42,27,344,49,288,1
198342028,1983,42,28,407,294,93,2
198342029,1983,42,29,477,62,410,1
198342030,1983,42,30,548,118,422,3
198342031,1983,42,31,590,236,341,1
198342032,1983,42,32,471,438,12,2
198342033,1983,42,33,559,126,430,0
198342034,1983,42,34,436,124,304,2
198342035,1983,42,35,435,72,353,1
198342036,1983,42,36,335,73,258,0
198342037,1983,42,37,588,110,466,3
198342038,1983,42,38,367,242,109,2
198342039,1983,42,39,435,420,2,1
198342040,1983,42,40,269,85,182,0
198342041,1983,42,41,345,71,269,0
198342042,1983,42,42,463,429,2,1
198342043,1983,42,43,628,102,519,1
198342044,1983,42,44,398,304,79,1
198342045,1983,42,45,351,202,124,3
198342046,1983,42,46,437,210,215,3
198342047,1983,42,47,444,63,364,2
198342048,1983,42,48,443,63,364,1
198342049,1983,42,49,684,166,506,0
198342050,1983,42,50,412,99,308,0
198342051,1983,42,51,558,525,1,0
198342052,1983,42,52,396,381,2,1
198342053,1983,42,53,516,186,316,1
198342054,1983,42,54,459,80,372,1
198342055,1983,42,55,379,119,257,0
198342056,1983,42,56,494,118,373,0
198342057,1983,42,57,428,82,336,2
198342058,1983,42,58,478,108,366,1
198342059,1983,42,59,382,59,315,0
198342060,1983,42,60,316,280,12,2
198342061,1983,42,61,573,96,462,1
198342062,1983,42,62,530,223,292,1
198343001,1983,43,1,474,347,105,0
198343002,1983,43,2,436,164,259,2
198343003,1983,43,3,354,190,159,0
198343004,1983,43,4,558,108,446,0
198343005,1983,43,5,344,166,165,2
198343006,1983,43,6,417,63,344,1
198343007,1983,43,7,454,183,256,3
198343008,1983,43,8,486,168,311,2
198343009,1983,43,9,348,204,132,1
198343010,1983,43,10,374,71,296,0
198343011,1983,43,11,468,183,279,0
198343012,1983,43,12,645,233,406,2
198343013,1983,43,13,616,146,457,0
198343014,1983,43,14,364,128,220,1
198343015,1983,43,15,617,245,356,2
198343016,1983,43,16,416,144,268,1
198343017,1983,43,17,352,133,215,0
198343018,1983,43,18,382,38,337,0
198343019,1983,43,19,430,159,267,0
198343020,1983,43,20,462,198,256,2
198343021,1983,43,21,484,189,290,1
198343022,1983,43,22,338,123,206,0
198343023,1983,43,23,307,53,247,0
198343024,1983,43,24,490,126,353,1
198343025,1983,43,25,516,244,259,2
198343026,1983,43,26,471,114,347,0
198343027,1983,43,27,546,186,350,1
198343028,1983,43,28,436,199,223,2
198343029,1983,43,29,284,117,161,1
198343030,1983,43,30,537,213,312,0
198343031,1983,43,31,419,139,267,2
198343032,1983,43,32,345,112,228,1
198343033,1983,43,33,388,149,234,1
198343034,1983,43,34,458,147,303,1
198343035,1983,43,35,374,144,218,3
198343036,1983,43,36,362,61,286,2
198343037,1983,43,37,501,185,307,1
198343038,1983,43,38,533,197,327,2
198343039,1983,43,39,246,44,198,2
198343040,1983,43,40,446,70,363,1
198343041,1983,43,41,522,213,301,2
198343042,1983,43,42,476,79,387,0
198343043,1983,43,43,429,129,279,4
198343044,1983,43,44,504,145,347,2
198343045,1983,43,45,569,239,315,3
198343046,1983,43,46,543,70,465,0
198343047,1983,43,47,526,203,305,2
198343048,1983,43,48,453,140,299,2
198343049,1983,43,49,439,112,316,0
198343050,1983,43,50,423,158,249,4
198343051,1983,43,51,514,191,312,2
198343052,1983,43,52,492,151,330,2
198343053,1983,43,53,576,198,363,0
198343054,1983,43,54,467,174,283,2
198343055,1983,43,55,519,207,300,2
198343056,1983,43,56,415,151,251,2
198343057,1983,43,57,402,182,202,3
198343058,1983,43,58,493,229,254,2
198343059,1983,43,59,485,126,350,1
198343060,1983,43,60,490,173,294,3
198343061,1983,43,61,323,128,187,0
198343062,1983,43,62,675,470,188,3
198343063,1983,43,63,355,155,189,1
198343064,1983,43,64,388,90,294,0
198343065,1983,43,65,417,168,245,1
198343066,1983,43,66,603,173,417,2
198343067,1983,43,67,337,87,230,2
198343068,1983,43,68,304,162,133,1
198343069,1983,43,69,362,119,237,2
198343070,1983,43,70,394,101,284,0
198344001,1983,44,1,498,122,357,0
198344002,1983,44,2,470,113,344,1
198344003,1983,44,3,479,64,404,1
198344004,1983,44,4,312,63,242,0
198344005,1983,44,5,429,141,284,1
198344006,1983,44,6,513,236,268,0
198344007,1983,44,7,310,100,203,1
198344008,1983,44,8,423,90,323,2
198344009,1983,44,9,388,152,224,2
198344010,1983,44,10,687,199,470,2
198344011,1983,44,11,348,89,245,1
198344012,1983,44,12,493,101,380,0
198344013,1983,44,13,478,226,238,3
198344014,1983,44,14,536,279,246,1
198344015,1983,44,15,613,258,331,2
198344016,1983,44,16,372,126,234,0
198344017,1983,44,17,593,211,371,0
198344018,1983,44,18,402,106,284,3
198344019,1983,44,19,449,157,275,4
198344020,1983,44,20,406,218,172,0
198344021,1983,44,21,574,282,269,5
198344022,1983,44,22,463,36,408,0
198344023,1983,44,23,358,138,207,0
198344024,1983,44,24,615,184,420,0
198344025,1983,44,25,494,174,304,5
198344026,1983,44,26,513,337,161,2
198344027,1983,44,27,432,200,220,1
198344028,1983,44,28,473,117,340,2
198344029,1983,44,29,543,246,275,2
198344030,1983,44,30,310,116,181,2
198344031,1983,44,31,534,247,268,2
198344032,1983,44,32,494,183,302,1
198344033,1983,44,33,597,334,248,2
198344034,1983,44,34,506,150,343,1
198344035,1983,44,35,585,133,439,0
198344036,1983,44,36,615,363,229,2
198344037,1983,44,37,613,285,305,4
198344038,1983,44,38,463,244,210,1
198344039,1983,44,39,356,178,165,4
198344040,1983,44,40,408,168,229,1
198344041,1983,44,41,405,199,194,2
198344042,1983,44,42,334,162,147,3
198344043,1983,44,43,467,175,275,2
198344044,1983,44,44,318,116,196,1
198344045,1983,44,45,611,279,318,4
198344046,1983,44,46,393,152,237,0
198344047,1983,44,47,472,169,276,3
198344048,1983,44,48,470,123,342,0
198344049,1983,44,49,395,183,191,3
198344050,1983,44,50,461,216,230,1
198344051,1983,44,51,458,191,249,3
198344052,1983,44,52,347,166,164,6
198344053,1983,44,53,470,109,352,1
198344054,1983,44,54,514,228,277,3
198344055,1983,44,55,323,93,216,1
198344056,1983,44,56,568,245,303,3
198344057,1983,44,57,646,262,365,0
198344058,1983,44,58,371,139,214,1
198344059,1983,44,59,383,158,215,3
198344060,1983,44,60,285,82,193,4
198345001,1983,45,1,520,29,476,1
198345002,1983,45,2,565,22,530,2
198345003,1983,45,3,585,30,539,0
198345004,1983,45,4,523,50,452,2
198345005,1983,45,5,374,43,322,2
198345006,1983,45,6,477,28,441,0
198345007,1983,45,7,460,40,413,1
198345008,1983,45,8,480,29,438,2
198345009,1983,45,9,472,16,450,0
198345010,1983,45,10,507,42,456,0
198345011,1983,45,11,559,24,527,1
198345012,1983,45,12,490,42,441,2
198345013,1983,45,13,452,23,419,0
198345014,1983,45,14,499,45,430,3
198345015,1983,45,15,439,35,398,2
198345016,1983,45,16,413,63,339,2
198345017,1983,45,17,369,48,314,1
198345018,1983,45,18,453,34,408,0
198345019,1983,45,19,606,39,555,2
198345020,1983,45,20,457,27,419,0
198345021,1983,45,21,489,23,452,0
198345022,1983,45,22,532,23,499,1
198345023,1983,45,23,523,32,476,1
198345024,1983,45,24,520,25,481,1
198345025,1983,45,25,505,18,474,2
198345026,1983,45,26,399,31,355,3
198345027,1983,45,27,451,23,419,2
198345028,1983,45,28,556,33,505,1
198345029,1983,45,29,519,39,467,0
198345030,1983,45,30,445,32,408,0
198345031,1983,45,31,454,35,407,3
198345032,1983,45,32,447,23,415,2
198345033,1983,45,33,465,44,415,0
198345034,1983,45,34,486,21,451,2
198345035,1983,45,35,465,26,432,0
198345036,1983,45,36,509,44,455,0
198345037,1983,45,37,473,40,417,2
198345038,1983,45,38,590,30,552,0
198345039,1983,45,39,400,26,360,4
198345040,1983,45,40,588,45,533,0
198345041,1983,45,41,494,31,456,3
198345042,1983,45,42,495,34,451,0
198345043,1983,45,43,480,36,427,1
198345044,1983,45,44,387,30,340,3
198345045,1983,45,45,402,24,363,2
198345046,1983,45,46,445,37,393,0
198345047,1983,45,47,553,32,506,2
198345048,1983,45,48,577,46,510,2
198345049,1983,45,49,430,52,372,1
198345050,1983,45,50,559,48,501,0
198345051,1983,45,51,516,32,473,0
198345052,1983,45,52,478,69,396,1
198345053,1983,45,53,534,31,485,3
198345054,1983,45,54,468,26,427,1
198345055,1983,45,55,383,35,336,2
198345056,1983,45,56,554,34,505,2
198345057,1983,45,57,530,19,498,1
198345058,1983,45,58,474,41,419,4
198345059,1983,45,59,459,18,435,1
198345060,1983,45,60,487,30,448,0
198345061,1983,45,61,472,18,447,0
198345062,1983,45,62,599,33,549,1
198345063,1983,45,63,546,27,507,1
198345064,1983,45,64,466,27,434,1
198345065,1983,45,65,555,57,466,3
198345066,1983,45,66,399,32,353,1
198345067,1983,45,67,441,26,406,4
198345068,1983,45,68,520,17,497,1
198345069,1983,45,69,429,27,392,2
198345070,1983,45,70,457,29,419,1
198345071,1983,45,71,433,23,403,0
198345072,1983,45,72,429,33,383,0
198346001,1983,46,1,851,134,675,4
198346002,1983,46,2,329,120,201,1
198346003,1983,46,3,493,271,198,1
198346004,1983,46,4,569,243,304,1
198346005,1983,46,5,488,314,155,5
198346006,1983,46,6,377,122,242,3
198346007,1983,46,7,389,195,183,3
198346008,1983,46,8,271,135,126,1
198346009,1983,46,9,459,252,180,4
198346010,1983,46,10,524,286,219,3
198346011,1983,46,11,550,262,282,0
198346012,1983,46,12,618,298,297,3
198346013,1983,46,13,460,176,267,0
198346014,1983,46,14,547,212,308,4
198346015,1983,46,15,562,259,292,0
198346016,1983,46,16,380,93,272,1
198346017,1983,46,17,323,169,145,1
198346018,1983,46,18,571,178,377,2
198346019,1983,46,19,573,379,163,3
198346020,1983,46,20,614,256,338,4
198346021,1983,46,21,355,147,190,2
198346022,1983,46,22,341,153,162,3
198346023,1983,46,23,673,530,124,1
198346024,1983,46,24,473,287,169,2
198346025,1983,46,25,581,308,243,1
198346026,1983,46,26,339,205,106,6
198346027,1983,46,27,479,316,144,2
198346028,1983,46,28,689,200,471,3
198346029,1983,46,29,527,106,395,3
198346030,1983,46,30,634,209,410,0
198346031,1983,46,31,487,174,298,2
198346032,1983,46,32,434,264,135,2
198346033,1983,46,33,503,166,330,2
198346034,1983,46,34,510,401,89,2
198346035,1983,46,35,445,178,244,5
198346036,1983,46,36,660,97,527,2
198346037,1983,46,37,501,325,161,1
198346038,1983,46,38,357,231,95,3
198346039,1983,46,39,651,198,437,4
198346040,1983,46,40,516,283,220,2
198346041,1983,46,41,511,194,291,3
198346042,1983,46,42,249,127,107,2
198346043,1983,46,43,474,161,302,1
198346044,1983,46,44,534,151,355,3
198346045,1983,46,45,421,256,146,5
198346046,1983,46,46,413,230,167,2
198347001,1983,47,1,402,43,350,0
198347002,1983,47,2,609,75,517,5
198347003,1983,47,3,514,52,445,5
198347004,1983,47,4,746,64,654,1
198347005,1983,47,5,542,174,341,4
198347006,1983,47,6,462,74,378,1
198347007,1983,47,7,562,76,465,5
198347008,1983,47,8,675,90,565,0
198347009,1983,47,9,459,46,398,2
198347010,1983,47,10,565,138,415,5
198347011,1983,47,11,494,66,420,1
198347012,1983,47,12,586,104,466,2
198347013,1983,47,13,529,97,424,3
198347014,1983,47,14,393,38,340,1
198347015,1983,47,15,543,106,418,2
198347016,1983,47,16,393,49,332,3
198347017,1983,47,17,546,78,443,2
198347018,1983,47,18,381,55,317,0
198347019,1983,47,19,533,70,448,4
198347020,1983,47,20,408,39,357,1
198347021,1983,47,21,430,72,340,2
198347022,1983,47,22,425,44,375,1
198347023,1983,47,23,535,107,406,4
198347024,1983,47,24,574,132,429,2
198347025,1983,47,25,448,127,299,2
198347026,1983,47,26,525,122,391,2
198347027,1983,47,27,476,77,386,1
198347028,1983,47,28,389,66,319,0
198347029,1983,47,29,462,85,365,1
198347030,1983,47,30,484,119,336,4
198347031,1983,47,31,494,116,363,2
198347032,1983,47,32,517,131,365,6
198347033,1983,47,33,593,92,475,5
198347034,1983,47,34,527,140,367,0
198347035,1983,47,35,702,192,483,5
198347036,1983,47,36,555,95,445,2
198347037,1983,47,37,585,110,458,0
198347038,1983,47,38,637,81,544,1
198347039,1983,47,39,461,123,322,2
198347040,1983,47,40,440,78,344,3
198347041,1983,47,41,411,51,350,1
198347042,1983,47,42,517,68,428,2
198347043,1983,47,43,621,118,480,3
198347044,1983,47,44,445,63,371,1
198347045,1983,47,45,497,92,387,2
198347046,1983,47,46,634,123,484,4
198347047,1983,47,47,522,55,439,2
198347048,1983,47,48,461,71,373,5
198347049,1983,47,49,450,66,371,7
198347050,1983,47,50,608,165,409,6
198348001,1983,48,1,202,111,84,2
198348002,1983,48,2,518,117,380,2
198348003,1983,48,3,430,232,172,5
198348004,1983,48,4,241,98,140,0
198348005,1983,48,5,296,40,256,0
198348006,1983,48,6,354,257,89,0
198348007,1983,48,7,401,111,276,4
198348008,1983,48,8,304,78,214,1
198348009,1983,48,9,486,174,309,1
198348010,1983,48,10,354,118,220,1
198348011,1983,48,11,359,117,232,3
198348012,1983,48,12,548,342,183,0
198348013,1983,48,13,462,84,362,1
198348014,1983,48,14,544,172,349,1
198348015,1983,48,15,291,108,171,4
198348016,1983,48,16,237,192,39,2
198348017,1983,48,17,524,143,370,1
198348018,1983,48,18,341,122,211,4
198348019,1983,48,19,388,218,164,0
198348020,1983,48,20,372,160,199,2
198348021,1983,48,21,332,172,146,2
198348022,1983,48,22,282,195,78,1
198348023,1983,48,23,472,225,234,0
198348024,1983,48,24,339,179,139,1
198348025,1983,48,25,342,180,153,0
198348026,1983,48,26,295,39,248,0
198348027,1983,48,27,370,121,228,1
198348028,1983,48,28,406,70,328,0
198348029,1983,48,29,433,185,221,5
198348030,1983,48,30,304,143,148,7
198348031,1983,48,31,376,143,224,0
198348032,1983,48,32,368,176,162,4
198348033,1983,48,33,409,73,329,0
198348034,1983,48,34,439,231,186,2
198348035,1983,48,35,413,254,138,1
198348036,1983,48,36,436,96,334,0
198348037,1983,48,37,429,114,294,3
198348038,1983,48,38,445,108,325,3
198348039,1983,48,39,455,232,207,1
198348040,1983,48,40,424,345,56,3
198348041,1983,48,41,338,123,213,0
198348042,1983,48,42,437,161,261,2
198348043,1983,48,43,377,272,97,1
198348044,1983,48,44,291,130,158,1
198348045,1983,48,45,631,526,79,0
198348046,1983,48,46,360,118,231,1
198348047,1983,48,47,390,304,73,1
198348048,1983,48,48,464,89,347,2
198348049,1983,48,49,314,127,183,0
198348050,1983,48,50,487,288,174,22
198348051,1983,48,51,589,156,411,1
198348052,1983,48,52,451,87,352,1
198348053,1983,48,53,281,139,130,0
198348054,1983,48,54,348,198,138,1
198348055,1983,48,55,465,180,263,3
198348056,1983,48,56,290,64,213,2
198348057,1983,48,57,216,79,128,0
198348058,1983,48,58,344,117,220,2
198349001,1983,49,1,362,280,66,1
198349002,1983,49,2,507,86,410,1
198349003,1983,49,3,431,135,286,1
198349004,1983,49,4,396,102,279,0
198349005,1983,49,5,491,345,136,3
198349006,1983,49,6,504,270,224,2
198349007,1983,49,7,561,236,308,3
198349008,1983,49,8,324,131,185,3
198349009,1983,49,9,433,136,282,2
198349010,1983,49,10,441,125,304,2
198349011,1983,49,11,465,175,275,3
198349012,1983,49,12,364,166,191,1
198349013,1983,49,13,449,163,278,2
198349014,1983,49,14,452,181,257,1
198349015,1983,49,15,389,169,205,3
198349016,1983,49,16,407,204,184,2
198349017,1983,49,17,412,234,167,2
198349018,1983,49,18,301,126,171,1
198349019,1983,49,19,363,168,184,0
198349020,1983,49,20,436,203,222,1
198349021,1983,49,21,552,180,357,2
198349022,1983,49,22,478,205,263,2
198349023,1983,49,23,422,219,185,4
198349024,1983,49,24,424,202,215,3
198349025,1983,49,25,432,156,267,3
198349026,1983,49,26,430,209,211,3
198349027,1983,49,27,454,273,167,4
198349028,1983,49,28,377,193,175,2
198349029,1983,49,29,430,202,218,0
198349030,1983,49,30,416,158,245,4
198349031,1983,49,31,417,123,284,0
198349032,1983,49,32,367,141,211,4
198349033,1983,49,33,319,150,161,0
198349034,1983,49,34,475,162,300,4
198349035,1983,49,35,420,181,226,2
198349036,1983,49,36,342,168,157,7
198349037,1983,49,37,497,212,270,4
198349038,1983,49,38,394,191,195,2
198349039,1983,49,39,419,181,215,1
198349040,1983,49,40,413,174,231,0
198349041,1983,49,41,305,129,170,0
198349042,1983,49,42,452,171,275,1
198349043,1983,49,43,423,177,236,1
198349044,1983,49,44,443,194,225,2
198349045,1983,49,45,310,116,184,2
198349046,1983,49,46,350,72,256,2
198349047,1983,49,47,399,194,191,2
198349048,1983,49,48,387,133,241,2
198349049,1983,49,49,452,243,193,2
198349050,1983,49,50,351,94,248,0
198349051,1983,49,51,263,94,160,1
198349052,1983,49,52,271,126,137,1
198349053,1983,49,53,427,95,314,4
198349054,1983,49,54,525,279,230,2
198349055,1983,49,55,420,151,258,1
198349056,1983,49,56,483,136,330,1
198350001,1983,50,1,437,71,356,1
198350002,1983,50,2,398,112,274,1
198350003,1983,50,3,388,51,330,1
198350004,1983,50,4,364,64,297,1
198350005,1983,50,5,478,77,383,5
198350006,1983,50,6,495,89,377,7
198350007,1983,50,7,445,64,369,1
198350008,1983,50,8,388,81,293,3
198350009,1983,50,9,563,167,381,1
198350010,1983,50,10,463,56,383,1
198350011,1983,50,11,427,84,329,0
198350012,1983,50,12,330,26,292,0
198350013,1983,50,13,441,90,343,3
198350014,1983,50,14,270,33,228,0
198350015,1983,50,15,407,62,341,1
198350016,1983,50,16,317,17,293,0
198350017,1983,50,17,297,32,251,0
198350018,1983,50,18,433,56,364,1
198350019,1983,50,19,434,64,357,2
198350020,1983,50,20,375,45,321,0
198350021,1983,50,21,430,64,344,0
198350022,1983,50,22,437,100,314,4
198350023,1983,50,23,342,65,268,2
198350024,1983,50,24,434,59,366,0
198350025,1983,50,25,383,45,327,1
198350026,1983,50,26,467,130,324,2
198350027,1983,50,27,302,24,271,0
198350028,1983,50,28,390,127,253,4
198350029,1983,50,29,381,69,298,2
198350030,1983,50,30,405,61,334,1
198350031,1983,50,31,448,49,392,1
198350032,1983,50,32,380,79,289,3
198350033,1983,50,33,446,74,363,0
198350034,1983,50,34,378,64,302,1
198350035,1983,50,35,441,83,335,2
198350036,1983,50,36,424,52,358,2
198350037,1983,50,37,428,101,313,1
198350038,1983,50,38,341,32,291,2
198350039,1983,50,39,414,62,344,1
198350040,1983,50,40,370,49,312,2
198350041,1983,50,41,382,86,289,0
198350042,1983,50,42,422,58,352,0
198350043,1983,50,43,441,61,372,0
198350044,1983,50,44,444,149,282,2
198350045,1983,50,45,474,61,398,2
198350046,1983,50,46,388,112,259,2
198350047,1983,50,47,411,58,341,0
198350048,1983,50,48,403,57,331,1
198350049,1983,50,49,461,87,357,3
198350050,1983,50,50,327,106,213,1
198350051,1983,50,51,388,82,293,1
198350052,1983,50,52,339,36,296,1
198350053,1983,50,53,409,53,351,2
198350054,1983,50,54,415,52,339,1
198350055,1983,50,55,442,52,376,2
198350056,1983,50,56,408,78,305,3
198350057,1983,50,57,435,77,348,3
198350058,1983,50,58,425,61,352,4
198350059,1983,50,59,452,82,358,0
198350060,1983,50,60,427,81,326,3
198350061,1983,50,61,427,163,244,4
198350062,1983,50,62,330,79,240,1
198350063,1983,50,63,427,47,364,1
198350064,1983,50,64,472,113,349,1
198350065,1983,50,65,410,72,331,0
198350066,1983,50,66,421,81,335,1
198350067,1983,50,67,409,73,325,1
198350068,1983,50,68,443,54,380,1
198350069,1983,50,69,419,100,302,2
