<?xml version="1.0"?>
<!--<!DOCTYPE metadata SYSTEM "http://www.esri.com/metadata/esriprof80.dtd">-->
<metadata xml:lang="en"><Esri><CreaDate>20160504</CreaDate><CreaTime>07104800</CreaTime><SyncOnce>TRUE</SyncOnce><DataProperties><lineage><Process Name="Create Feature Class" ToolSource="C:\Program Files\ArcGIS\ArcToolbox\Toolboxes\Data Management Tools.tbx\CreateFeatureclass" Date="20050509" Time="113030">CreateFeatureclass C:\Workspace\Realign_Project\050905_Edits.mdb PRECINCTS_2005 # DATA_ADMIN_PRECINCTS_Layer SAME_AS_TEMPLATE SAME_AS_TEMPLATE "PROJCS['NAD_1983_StatePlane_Illinois_East_FIPS_1201_Feet',GEOGCS['GCS_North_American_1983',DATUM['D_North_American_1983',SPHEROID['GRS_1980',6378137.0,298.257222101]],PRIMEM['Greenwich',0.0],UNIT['Degree',0.0174532925199433]],PROJECTION['Transverse_Mercator'],PARAMETER['False_Easting',984250.0],PARAMETER['False_Northing',0.0],PARAMETER['Central_Meridian',-88.33333333333333],PARAMETER['Scale_Factor',0.999975],PARAMETER['Latitude_Of_Origin',36.66666666666666],UNIT['Foot_US',0.3048006096012192]];1051773.000000 1774707.000000 10000.000000;0.000000 1.000000;0.000000 1.000000" # 0 0 0 C:\Workspace\Realign_Project\050905_Edits.mdb\PRECINCTS_2005</Process><Process Name="Append" ToolSource="C:\Program Files\ArcGIS\ArcToolbox\Toolboxes\Data Management Tools.tbx\Append" Date="20050509" Time="113032">Append DATA_ADMIN_PRECINCTS_Layer C:\Workspace\Realign_Project\050905_Edits.mdb\PRECINCTS_2005 TEST C:\Workspace\Realign_Project\050905_Edits.mdb\PRECINCTS_2005</Process><Process Name="FeatureClassToFeatureClass_1" ToolSource="C:\Program Files\ArcGIS\ArcToolbox\Toolboxes\Conversion Tools.tbx\FeatureClassToFeatureClass" Date="20050509" Time="113032">FeatureClassToFeatureClass C:\Workspace\Realign_Project\census_wards.mdb\master\DATA_ADMIN_PRECINCTS C:\Workspace\Realign_Project\050905_Edits.mdb PRECINCTS_2005 # "DATA_ADMIN_PRECINCTS_AREA DATA_ADMIN_PRECINCTS_AREA VISIBLE;PERIMETER PERIMETER VISIBLE;WARD WARD VISIBLE;PRECINCT PRECINCT VISIBLE;SHAPE_Length SHAPE_Length VISIBLE;SHAPE_Area SHAPE_Area VISIBLE" SAME_AS_TEMPLATE SAME_AS_TEMPLATE # 0 C:\Workspace\Realign_Project\050905_Edits.mdb\PRECINCTS_2005</Process></lineage></DataProperties><ArcGISFormat>1.0</ArcGISFormat></Esri><idinfo><citation><citeinfo><onlink Sync="TRUE">\\cityofchicago.local\DOiT\Shared\shared\GIS\Shared\_Production_Data\Precincts\Precincts2010.mdb</onlink></citeinfo></citation></idinfo><distInfo><distributor><distorTran><onLineSrc><linkage Sync="TRUE">file://\\cityofchicago.local\DOiT\Shared\shared\GIS\Shared\_Production_Data\Precincts\Precincts2010.mdb</linkage><protocol Sync="TRUE">Local Area Network</protocol></onLineSrc></distorTran></distributor></distInfo><dataqual><lineage><procstep><procdesc Sync="TRUE">Dataset copied.</procdesc><srcused Sync="TRUE">\\DS41338593\C$\PROJECTS\cityboundary\050905_Edits.mdb</srcused><date Sync="TRUE">20050516</date><time Sync="TRUE">11213900</time></procstep><procstep><procdesc Sync="TRUE">Dataset copied.</procdesc><srcused Sync="TRUE">Server=dc6500c; Service=5151; User=data_admin; Version=SDE.DEFAULT</srcused><date Sync="TRUE">20050730</date><time Sync="TRUE">09501200</time></procstep><procstep><procdesc Sync="TRUE">Dataset copied.</procdesc><srcused Sync="TRUE">Server=dc6500b; Service=5151; User=ds06183; Version=SDE.DEFAULT</srcused><date Sync="TRUE">20071016</date><time Sync="TRUE">15315900</time></procstep><procstep><procdesc Sync="TRUE">Dataset copied.</procdesc><srcused Sync="TRUE">Server=gisprod; Service=5151; User=ds01228; Version=SDE.DEFAULT</srcused><date Sync="TRUE">20100305</date><time Sync="TRUE">13533300</time></procstep></lineage></dataqual></metadata>
